pattern,level,type_de,explanation_de,example_korean,example_german,note,type_en,explanation_en,example_en,note_en,id,quiz_focus_de,quiz_focus_en,quiz_enabled,quiz_distractor_ids
N한테,A1,Gesprochene Richtung zu einer Person,Gesprochene Richtung zu einer Person. Nach Konsonant oft 한테.,친구한테 이 주소를 물어봤어요.,Ich habe eine Freundin nach dieser Adresse gefragt.,Nach Konsonant oft 한테.,Spoken direction to a person,"Spoken direction to a person. After a consonant, 한테 is common.",I asked a friend for this address.,"After a consonant, 한테 is common.",grammar_a1_spoken_dative,eine Freundin,a friend,true,grammar_a1_duration_span|grammar_a1_come_purpose|grammar_a1_in_front
N동안,A1,Zeitspanne,Zeitspanne. Nennt eine begrenzte Zeit.,수업 동안 전화를 꺼 두어요.,Während des Unterrichts lasse ich das Telefon aus.,Nennt eine begrenzte Zeit.,Duration span,Duration span. Names a bounded time.,I leave the phone off during class.,Names a bounded time.,grammar_a1_duration_span,Während des Unterrichts,during class,true,grammar_a1_spoken_dative|grammar_a1_come_purpose|grammar_a1_in_front
V-(으)러 오다,A1,Kommen um zu handeln,Kommen um zu handeln. Bewegung zum Sprecher.,서류를 받으러 왔어요.,"Ich bin gekommen, um die Unterlagen abzuholen.",Bewegung zum Sprecher.,Come in order to act,Come in order to act. Motion toward the speaker.,I came to pick up the papers.,Motion toward the speaker.,grammar_a1_come_purpose,"gekommen, um",came to,true,grammar_a1_spoken_dative|grammar_a1_duration_span|grammar_a1_in_front
N앞에,A1,Ort vor etwas,"Ort vor etwas. Konkreter Ort, nicht Zeit.",역앞에 잠시 기다려 주세요.,Bitte warten Sie kurz vor dem Bahnhof.,"Konkreter Ort, nicht Zeit.",Place in front,"Place in front. A concrete place, not time.",Please wait a moment in front of the station.,"A concrete place, not time.",grammar_a1_in_front,vor dem Bahnhof,in front of the station,true,grammar_a1_spoken_dative|grammar_a1_duration_span|grammar_a1_come_purpose
N때문에,A2,Grund als Nomen,"Grund als Nomen. Nach Nomen, nicht nach Verb.",비 때문에 약속 장소를 바꿨어요.,Wegen des Regens habe ich den Treffpunkt geändert.,"Nach Nomen, nicht nach Verb.",Noun cause,"Noun cause. After a noun, not a verb.",Because of the rain I changed the meeting place.,"After a noun, not a verb.",grammar_a2_noun_cause,Wegen des Regens,Because of the rain,true,grammar_a2_busy_cause|grammar_a2_among_set|grammar_a2_spoken_result
V-느라고,A2,Beschäftigt-sein als Grund,Beschäftigt-sein als Grund. Oft mit verpasster Handlung.,짐을 챙기느라고 전화를 못 받았어요.,"Weil ich mit dem Packen beschäftigt war, habe ich nicht ans Telefon gehen können.",Oft mit verpasster Handlung.,Busy-doing cause,Busy-doing cause. Often with a missed action.,"I was busy packing, so I could not take the call.",Often with a missed action.,grammar_a2_busy_cause,beschäftigt war,was busy,true,grammar_a2_noun_cause|grammar_a2_among_set|grammar_a2_spoken_result
N중에서,A2,Auswahl aus einer Menge,Auswahl aus einer Menge. Die Menge steht vor 중에서.,이 셋 중에서 제일 가까운 역을 고르세요.,Wählen Sie unter diesen dreien den nächsten Bahnhof.,Die Menge steht vor 중에서.,Choice from a set,Choice from a set. The set comes before 중에서.,Choose the nearest station among these three.,The set comes before 중에서.,grammar_a2_among_set,unter diesen dreien,among these three,true,grammar_a2_noun_cause|grammar_a2_busy_cause|grammar_a2_spoken_result
V-아/어 가지고,A2,Gesprochene Folge,Gesprochene Folge. Umgangssprachlicher Anschluss.,번호를 적어 가지고 나중에 걸었어요.,Ich habe die Nummer aufgeschrieben und später angerufen.,Umgangssprachlicher Anschluss.,Spoken result,Spoken result. A spoken follow-on.,I wrote the number down and called later.,A spoken follow-on.,grammar_a2_spoken_result,aufgeschrieben und,wrote the number down and,true,grammar_a2_noun_cause|grammar_a2_busy_cause|grammar_a2_among_set
V-기는 하지만,B1,Eingeständnis plus Gegensatz,Eingeständnis plus Gegensatz. Erste Handlung wird anerkannt.,늦기는 하지만 오늘은 끝까지 할게요.,"Es ist zwar spät, aber ich mache es heute zu Ende.",Erste Handlung wird anerkannt.,Concession plus contrast,Concession plus contrast. The first action is granted.,"It is late, but I will finish it today.",The first action is granted.,grammar_b1_concede_but,"zwar spät, aber","late, but",true,grammar_b1_as_kept_doing|grammar_b1_while_already|grammar_b1_self_should
V-다 보니,B1,Ergebnis durch Wiederholung,Ergebnis durch Wiederholung. Kein einmaliger Zufall.,설명을 듣다 보니  핵심이 보였어요.,Beim wiederholten Zuhören wurde der Kern sichtbar.,Kein einmaliger Zufall.,Result through repetition,Result through repetition. Not a one-off accident.,"As I kept listening, the core became visible.",Not a one-off accident.,grammar_b1_as_kept_doing,Beim wiederholten Zuhören,As I kept listening,true,grammar_b1_concede_but|grammar_b1_while_already|grammar_b1_self_should
V-(으)ㄴ 김에,B1,Gelegenheit mitnehmen,Gelegenheit mitnehmen. Zweite Handlung ist Zusatz.,우체국에 간 김에 우표도 샀어요.,"Da ich schon auf der Post war, habe ich auch Briefmarken gekauft.",Zweite Handlung ist Zusatz.,While already doing,While already doing. The second action is extra.,"Since I was already at the post office, I also bought stamps.",The second action is extra.,grammar_b1_while_already,Da ich schon,Since I was already,true,grammar_b1_concede_but|grammar_b1_as_kept_doing|grammar_b1_self_should
V-아/어야겠다,B1,Selbstentschluss,"Selbstentschluss. Eigene Absicht, kein Befehl.",내일은 더 일찍 나가야겠다.,Morgen sollte ich früher rausgehen.,"Eigene Absicht, kein Befehl.",Self-decision,"Self-decision. Own intention, not a command.",Tomorrow I should leave earlier.,"Own intention, not a command.",grammar_b1_self_should,sollte ich,I should,true,grammar_b1_concede_but|grammar_b1_as_kept_doing|grammar_b1_while_already
V-다시피,B2,Wie bereits sichtbar,Wie bereits sichtbar. Verweist auf sichtbare Grundlage.,자료에서 보시다시피 대기 시간이 줄었습니다.,"Wie Sie in den Unterlagen sehen, ist die Wartezeit gesunken.",Verweist auf sichtbare Grundlage.,As already visible,As already visible. Points to a visible basis.,"As you can see in the materials, waiting time has fallen.",Points to a visible basis.,grammar_b2_as_you_see,Wie Sie in den Unterlagen sehen,As you can see in the materials,true,grammar_b2_including_start|grammar_b2_whether_or_not|grammar_b2_granted_limit
N을/를 비롯해,B2,Einschluss als Ausgang,Einschluss als Ausgang. Nennt den ersten und impliziert weitere.,담당 부서를 비롯해 관련 팀이 모두 참석합니다.,Einschließlich der zuständigen Stelle nehmen alle betroffenen Teams teil.,Nennt den ersten und impliziert weitere.,Including as a starting set,Including as a starting set. Names the first and implies more.,"Including the responsible office, all related teams will attend.",Names the first and implies more.,grammar_b2_including_start,Einschließlich der zuständigen Stelle,Including the responsible office,true,grammar_b2_as_you_see|grammar_b2_whether_or_not|grammar_b2_granted_limit
V-건 말건,B2,Unabhängig von der Wahl,Unabhängig von der Wahl. Beide Alternativen ändern die Folge nicht.,참석하건 말건 기록은 공유하겠습니다.,"Ob Sie teilnehmen oder nicht, ich teile das Protokoll.",Beide Alternativen ändern die Folge nicht.,Regardless of the choice,Regardless of the choice. Neither alternative changes the follow-up.,"Whether you attend or not, I will share the record.",Neither alternative changes the follow-up.,grammar_b2_whether_or_not,Ob Sie teilnehmen oder nicht,Whether you attend or not,true,grammar_b2_as_you_see|grammar_b2_including_start|grammar_b2_granted_limit
A/V-기로서니,B2,Eingeständnis mit Grenze,Eingeständnis mit Grenze. Räumt etwas ein und begrenzt die Schlussfolgerung.,설명이 짧기로서니 결정을 숨긴 것은 아닙니다.,"Mag die Erklärung kurz sein, die Entscheidung wurde nicht verborgen.",Räumt etwas ein und begrenzt die Schlussfolgerung.,"Granted, with a limit","Granted, with a limit. Grants a point and limits the conclusion.","Granted the explanation is short, the decision was not hidden.",Grants a point and limits the conclusion.,grammar_b2_granted_limit,Mag die Erklärung kurz sein,Granted the explanation is short,true,grammar_b2_as_you_see|grammar_b2_including_start|grammar_b2_whether_or_not
N을/를 불문하고,C1,Ohne Ausnahme nach N,Ohne Ausnahme nach N. Schließt Statusunterschiede aus.,직급을 불문하고 같은 공개 기준을 적용합니다.,Unabhängig vom Rang gilt derselbe Öffentlichkeitsmaßstab.,Schließt Statusunterschiede aus.,Without exception after N,Without exception after N. Rules out status differences.,"Regardless of rank, the same disclosure standard applies.",Rules out status differences.,grammar_c1_regardless_noun,Unabhängig vom Rang,Regardless of rank,true,grammar_c1_given_situation|grammar_c1_leaning_on|grammar_c1_even_if_doing
V-는 마당에,C1,In einer bereits laufenden Lage,In einer bereits laufenden Lage. Die Lage ist schon da.,자료가 부족한 마당에 순위를 단정할 수 없습니다.,Angesichts fehlender Daten können wir keine Rangfolge festlegen.,Die Lage ist schon da.,In an already unfolding situation,In an already unfolding situation. The situation is already there.,"Given the missing data, we cannot fix a ranking.",The situation is already there.,grammar_c1_given_situation,Angesichts fehlender Daten,Given the missing data,true,grammar_c1_regardless_noun|grammar_c1_leaning_on|grammar_c1_even_if_doing
N에 기대어,C1,Sich auf eine Grundlage stützen,Sich auf eine Grundlage stützen. Die Grundlage ist schmal oder vorläufig.,한 설문에 기대어 제도를 바꾸지는 않겠습니다.,Gestützt auf eine einzelne Umfrage werde ich das System nicht ändern.,Die Grundlage ist schmal oder vorläufig.,Leaning on a basis,Leaning on a basis. The basis is narrow or provisional.,I will not change the system leaning on a single survey.,The basis is narrow or provisional.,grammar_c1_leaning_on,Gestützt auf eine einzelne Umfrage,leaning on a single survey,true,grammar_c1_regardless_noun|grammar_c1_given_situation|grammar_c1_even_if_doing
V-고서라도,C1,Selbst um den Preis der Handlung,Selbst um den Preis der Handlung. Die Handlung ist der Preis.,일정을 미루고서라도 검수를 마치겠습니다.,"Selbst wenn wir den Termin verschieben, schließe ich die Prüfung ab.",Die Handlung ist der Preis.,Even at the cost of the action,Even at the cost of the action. The action is the price.,"Even if we postpone the schedule, I will finish the review.",The action is the price.,grammar_c1_even_if_doing,Selbst wenn wir den Termin verschieben,Even if we postpone the schedule,true,grammar_c1_regardless_noun|grammar_c1_given_situation|grammar_c1_leaning_on
N이라 함은,C2,Institutionelle Definition,Institutionelle Definition. Definiert einen Amtsbegriff.,공개라 함은 원문과 한계를 함께 내는 일을 말합니다.,"Mit Veröffentlichung ist gemeint, Ursprungstext und Grenze gemeinsam vorzulegen.",Definiert einen Amtsbegriff.,Institutional definition,Institutional definition. Defines an official term.,By disclosure we mean releasing the source text together with its limits.,Defines an official term.,grammar_c2_defined_as,Mit Veröffentlichung ist gemeint,By disclosure we mean,true,grammar_c2_as_already_set|grammar_c2_on_the_premise|grammar_c2_wishing_to
V-는 바,C2,Bereits festgestellter Inhalt,Bereits festgestellter Inhalt. Verweist auf eine festgehaltene Lage.,"앞서 밝힌 바, 자동 결정에는 이의 경로가 있어야 합니다.","Wie bereits dargelegt, braucht eine automatisierte Entscheidung einen Einspruchsweg.",Verweist auf eine festgehaltene Lage.,Already established content,Already established content. Refers to a recorded position.,"As already set out, an automated decision needs an appeal path.",Refers to a recorded position.,grammar_c2_as_already_set,Wie bereits dargelegt,As already set out,true,grammar_c2_defined_as|grammar_c2_on_the_premise|grammar_c2_wishing_to
N을/를 전제로,C2,Unter einer gesetzten Bedingung,Unter einer gesetzten Bedingung. Die Bedingung ist nicht verhandelbar.,설명 가능성을 전제로 배포 범위를 정합니다.,Unter der Voraussetzung der Erklärbarkeit legen wir den Ausrollkreis fest.,Die Bedingung ist nicht verhandelbar.,On a stated premise,On a stated premise. The condition is not optional.,On the premise of explainability we set the rollout scope.,The condition is not optional.,grammar_c2_on_the_premise,Unter der Voraussetzung der Erklärbarkeit,On the premise of explainability,true,grammar_c2_defined_as|grammar_c2_as_already_set|grammar_c2_wishing_to
V-고자 하건대,C2,Formelle Absichtseröffnung,"Formelle Absichtseröffnung. Schriftlicher, förmlicher Auftakt.",기록을 남기고자 하건대 결정 요약을 먼저 읽겠습니다.,"Indem ich das Protokoll sichern will, lese ich zuerst die Entscheidungszusammenfassung.","Schriftlicher, förmlicher Auftakt.",Formal intent opening,"Formal intent opening. A written, formal opening.","Wishing to keep a record, I will read the decision summary first.","A written, formal opening.",grammar_c2_wishing_to,Indem ich das Protokoll sichern will,Wishing to keep a record,true,grammar_c2_defined_as|grammar_c2_as_already_set|grammar_c2_on_the_premise
