no,phase,level,level_phase,topic,grammar,function,vocabulary,text_type,en_bridge,de_bridge,pragmatics
1,KP01 A1.1 처음 만나 나와 주변 소개하기,A1,A1.1,"개인 신상·자기소개, 가족·인간관계, 교육·학교·학습, 직업·직장·취업, 예절·관습·명절·호칭, 언어·학습·의사소통 되묻기","이다, 이 아니다, 은1, 이, 을1, 의, 과, 이랑, 하고, -어2, -습니다, -습니까","인사하고 자기소개하기, 신상 정보 묻고 답하기, 정보 묻고 확인하기, 감사·사과하고 반응하기, 못 들었을 때 되묻고 고치기","가족·친족 호칭·관계어, 직업·직장 어휘, 학교·학습 어휘, 예절·높임·호칭 어휘, 관용 표현·연어·담화 표지(품사=표현) — 가족, 부모님, 동생, 직업, 회사, 동료, 수업, 책, 공책, 호칭, 높임, 말씀, 마음에 들다, 도움이 되다, 약속을 지키다","대면 대화, 표지판·짧은 안내문, 서식·신청서 작성","A1: be; subject and object word order; possessives, and; with, polite wording; questions and statements","A1: sein; Nominativ/Akkusativ; Possessivformen, und; mit, du/Sie; Fragen und Aussagen","해요체(공손 비격식), 합쇼체·업무 격식 — 처음 만난 학습 동료와의 대면 소개. 이름·관계는 과제 카드에서 제공한다."
2,KP02 A1.2 하루의 시간·장소·이동 말하기,A1,A1.2,"주거·집, 일상생활·하루 일과, 숫자·시간·날짜, 교통·길 찾기, 전화·메신저·인터넷 소통","에, 에서, 부터, 까지, 으로, -었-, -고3, -지 않다, -지 못하다, 도, 만","사물 이름·위치 말하기, 경험·사건 이야기하기, 사람·사물·장소 묘사하기, 정보 묻고 확인하기","수·수량·단위명사, 시간·날짜·요일·계절, 집·가구·생활용품, 장소·건물·도시, 교통·여행 어휘 — 하나, 둘, 세 개, 오늘, 내일, 오전, 방, 의자, 창문, 학교, 집, 역, 버스, 기차, 출발","메뉴·가격표·시간표, 안내 방송, 전화 통화, 메모·엽서·짧은 쪽지, 메신저·문자(카카오톡)","A2: at/in/from/to; means of travel, simple past; and then, not; cannot; also; only","A2: in/an/von/bis; Verkehrsmittel, Perfekt/Präteritum; und dann, nicht; nicht können; auch; nur",해요체(공손 비격식) — 새 학습 동료에게 일과와 위치를 설명하는 대면·메신저 장면.
3,KP03 A1.3 생활 서비스를 이용하고 약속 잡기,A1,A1.3,"식음료·식당, 쇼핑·소비·결제, 여가·취미·운동, 전화·메신저·인터넷 소통","에게, 한테, -으러, -으려고1, -고 싶다, -고 있다, -을 수 있다, -겠-, -으세요, -으십시오, -을까, -읍시다","취향·선호 말하기, 주문·구매·결제하기, 요청·부탁하기, 제안하기, 약속·예약 잡고 바꾸고 취소하기, 의도·계획·바람 말하기","수·수량·단위명사, 음식·재료·조리, 교통·여행 어휘, 관용 표현·연어·담화 표지(품사=표현) — 하나, 둘, 세 개, 밥, 물, 커피, 버스, 기차, 출발, 마음에 들다, 도움이 되다, 약속을 지키다","창구·매장 응대 대화, 메뉴·가격표·시간표, 메신저·문자(카카오톡)","A2: to a person; go to do; intend to, want; be doing; can; will, please; shall we; let's","A2: jemandem; gehen um zu; vorhaben, möchten; gerade; können; werden/Absicht, bitte; sollen wir; lass uns","해요체(공손 비격식) — 처음 이용하는 가게의 손님·직원, 약속을 조정하는 동등한 동료."
4,KP04 A1.4 이유를 설명하고 예의를 갖춰 조정하기,A1,A1.4,"날씨·계절·자연, 건강·신체·병원·약국, 감정·성격·외모 묘사, 가족·인간관계, 예절·관습·명절·호칭","-으시-, 께서, -어서, -으니까, -지만, 보다, -고4, -기 전에, -은 후에, -어야 되다 (재방문 -겠-)","감정·기분 표현하기, 사람·사물·장소 묘사하기, 감사·사과하고 반응하기, 약속·예약 잡고 바꾸고 취소하기, 의무·허가·금지 말하기, 길·절차 안내하고 따르기","색·모양·기본 묘사 형용사, 신체·증상·의료, 날씨·자연 어휘, 예절·높임·호칭 어휘 — 크다, 작다, 길다, 머리, 배, 아프다, 비, 눈, 덥다, 호칭, 높임, 말씀","노래 가사 한 줄, 대면 대화, 메모·엽서·짧은 쪽지","A2: respectful reference and titles, because; but; than; additional comment, before/after; have to","A2: respektvolle Bezeichnung; du/Sie, weil/denn; aber; als; Zusatz, bevor/nachdem; müssen","해요체(공손 비격식), 합쇼체·업무 격식, 반말(친근·평교) — 동료에게 일정을 바꾸자고 하며 제3자인 선생님의 방문을 언급한다."
5,KP05 A2.1 조건·선택·허용을 확인하기,A2,A2.1,"주거·집, 건강·신체·병원·약국, 여행·숙박, 교통·길 찾기, 공공 서비스·관공서·은행·우체국, 돈·요금·계약·보험, 쇼핑·소비·결제, 식음료·식당","-으면, -거나, 이나, 마다, 밖에, 처럼, -어도 되다, -지 말다, -어 주다","의무·허가·금지 말하기, 요청·부탁하기, 주문·구매·결제하기, 불만 제기·이의 신청하기, 비교·대조·대안 검토하기","의류·액세서리, 돈·가격·금융·계약 어휘, 행정·공공 서비스 어휘, 신체·증상·의료, 집·가구·생활용품, 교통·여행 어휘, 음식·재료·조리 — 옷, 신발, 크기, 요금, 결제, 비용, 신청, 접수, 창구, 머리, 배, 아프다, 방, 의자, 창문, 버스, 기차, 출발, 밥, 물, 커피","공지문·안내문, 광고·전단·브로슈어, 사용 설명서·조리법·지시문, 전화 통화, 메신저·문자(카카오톡)","A2: if; or; every; only, like; may/be allowed to, don't; do something for someone","A2: wenn; oder; jeder; nur, wie; dürfen, nicht tun; etwas für jemanden tun","해요체(공손 비격식), 합쇼체·업무 격식 — 처음 만난 창구 직원에게 조건을 확인하는 고객. 권한을 행사하는 사람을 따로 표시한다."
6,KP06 A2.2 사람·경험·기간을 구체적으로 설명하기,A2,A2.2,"직업·직장·취업, 교육·학교·학습, 가족·인간관계, 감정·성격·외모 묘사, 여가·취미·운동, 일상생활·하루 일과","-는2, -은2, -은3, -을2, -는 것, -기, -을 때, -는 동안에, -은 지2, -은 적이 있다, -어 보다, -으면서, -다가1(1) (재방문 -고 있다)","들은 정보 전달하기(간접화법), 감정·기분 표현하기, 초대·수락·거절하기, 축하·위로하기","감정·성격 어휘, 여가·운동·취미 어휘, 관용 표현·연어·담화 표지(품사=표현) — 기쁘다, 걱정하다, 당황하다, 운동, 산책, 모임, 마음에 들다, 도움이 되다, 약속을 지키다","비격식 이메일, 설명문·안내 텍스트, 이야기·일기·서사문","B1: relative clauses; gerund-like clauses, when/while; since; have done, try doing; while; stop midway","B1: Relativsätze; nominalisierte Infinitive, als/während; seit; schon einmal, ausprobieren; während; unterbrechen","해요체(공손 비격식), 반말(친근·평교) — 동등한 모임 참여자. 반말 과제는 사전에 말을 놓기로 한 가까운 사람으로 고정한다."
7,KP07 A2.3 배경을 말하고 의도·결정을 조정하기,A2,A2.3,"전화·메신저·인터넷 소통, 동네·이웃·주변 환경, 직업·직장·취업, 날씨·계절·자연, 개인 신상·자기소개, 언어·학습·의사소통 되묻기","-는데1, -게2, -기 때문에, -기로 하다, -는 것 같다, -을 수밖에 없다, -을게, -을래, -을까 보다, -게 되다 (재방문 -고4, -어서, -지만)","이유·원인·결과 설명하기, 의견 말하고 동의·반대하기, 조언·추천·경고하기, 약속·예약 잡고 바꾸고 취소하기, 근황·안부 나누기(스몰토크)","기기·인터넷·디지털 어휘, 감정·성격 어휘, 교통·여행 어휘 — 파일, 비밀번호, 접속, 기쁘다, 걱정하다, 당황하다, 버스, 기차, 출발","전화 통화, 설명문·안내 텍스트, 메신저·문자(카카오톡)","B1: background clause; so that; because, decide to; seem; have no choice, I'll; want/intend to; come to","B1: Hintergrund; damit; weil, beschließen; scheinen; keine Wahl haben, ich übernehme; wollen; dazu kommen","해요체(공손 비격식), 합쇼체·업무 격식 — 동등한 직장 동료와 전화·메신저로 사정을 설명한다. 자료는 공유한 일정표 파일이다."
8,KP08 A2.4 공지·전달·말투 전환 다루기,A2,A2.4,"예절·관습·명절·호칭, 미디어·대중문화(K-pop·드라마·SNS), 숫자·시간·날짜, 공공 서비스·관공서·은행·우체국, 여행·숙박","-음, 께, 에게로, 에게서, 한테서, 에다가, 에서부터(서부터), -네, -는군, -는데2, -지, -어 있다, -을 것1 (재방문 -고 있다)","길·절차 안내하고 따르기, 들은 정보 전달하기(간접화법), 축하·위로하기, 불만 제기·이의 신청하기, 말투·존댓말·호칭 조절하기","행정·공공 서비스 어휘, 기기·인터넷·디지털 어휘, 관용 표현·연어·담화 표지(품사=표현) — 신청, 접수, 창구, 파일, 비밀번호, 접속, 마음에 들다, 도움이 되다, 약속을 지키다","드라마·영화 대사, 공지문·안내문, 사용 설명서·조리법·지시문, SNS 게시물·댓글·포럼, 비격식 이메일","B1: nominal clauses; to/from; onto, oh; I see; tag-like confirmation, be doing; be open; instructions","B1: Nominalisierung; an/von; auf, ach so; ich verstehe; bestätigende Rückfrage, gerade tun; geöffnet sein; Anweisungen","해요체(공손 비격식), 반말(친근·평교), 합쇼체·업무 격식, 친밀체(연인·가까운 사이) — 공지 작성자·전달자·수신자를 구별한다. 친구 이메일과 공개 게시글의 독자는 다르다."
9,KP09 B1.1 친밀한 대화에서 경험 회상하기,B1,B1.1,"가족·인간관계, 문화 차이·세계화·이주, 교육·학교·학습, 감정·성격·외모 묘사, 일상생활·하루 일과, 여가·취미·운동","-는다, -니2, -자3, -는구나, -던-, -던데2, 아1, 요1, -었었-, -는 중이다, -고 싶어 하다","경험·사건 이야기하기, 감정·기분 표현하기, 말투·존댓말·호칭 조절하기","감정·성격 어휘, 언어·문법·화법 메타언어, 관용 표현·연어·담화 표지(품사=표현) — 기쁘다, 걱정하다, 당황하다, 인용, 맥락, 화자, 마음에 들다, 도움이 되다, 약속을 지키다","강연·연설·긴 독백, SNS 게시물·댓글·포럼, 이야기·일기·서사문, 면접","B1: informal questions; let's; surprise, used to; remembered observation; address, had done; be in the middle of; want","B1: du-Fragen; lass uns; Überraschung, früher; erinnerte Beobachtung; Anrede, früherer Zustand; gerade dabei; wünschen","반말(친근·평교), 친밀체(연인·가까운 사이), 해요체(공손 비격식) — 말을 놓기로 합의한 가까운 동료 또는 가족의 경험담. 친밀함은 명시된 장면에 한정한다."
10,KP10 B1.2 사건의 경위와 결과 설명하기,B1,B1.2,"직업·직장·취업, 건강·신체·병원·약국, 여행·숙박, 교통·길 찾기, 동네·이웃·주변 환경, 주거·집","-다가1(2), -으려다가, -었더니, -느라고, -어다가, -자마자, -고 나다, -고 말다, -어 가다, -어 오다, -어 놓다, -어 두다, -어지다, -은 결과, -은 다음에, -어 가지고 (재방문 -어 있다)","경험·사건 이야기하기, 이유·원인·결과 설명하기, 들은 정보 전달하기(간접화법)","직업·직장 어휘, 돈·가격·금융·계약 어휘, 행정·공공 서비스 어휘, 관용 표현·연어·담화 표지(품사=표현) — 직업, 회사, 동료, 요금, 결제, 비용, 신청, 접수, 창구, 마음에 들다, 도움이 되다, 약속을 지키다","신문 기사·보도문, 설명문·안내 텍스트, 이야기·일기·서사문","B2: while; was going to; because; bring and use, as soon as; end up; keep doing, leave ready; keep; become; as a result","B2: unterbrechen; vorhaben; weil; holen und verwenden, sobald; schließlich; fortschreitend, bereitstellen; aufbewahren; werden; als Ergebnis","해요체(공손 비격식), 합쇼체·업무 격식 — 동등한 동료에게 경위를 설명하고 별도 보고문에는 공적 기록 문체를 쓴다."
11,KP11 B1.3 비교·평가·대안을 근거와 함께 말하기,B1,B1.3,"돈·요금·계약·보험, 쇼핑·소비·결제, 미디어·대중문화(K-pop·드라마·SNS), 환경·기후·지속가능성, 사회 문제·시사·공동체, 식음료·식당","만큼, -는 만큼, 같이, 대로, 뿐, 이고, -어도, -으나, -는 대신에, -는 반면, -는 편이다, -어 보이다, -기는, 에 대하여","비교·대조·대안 검토하기, 평가·비판·한계 지적하기, 의견 말하고 동의·반대하기, 설득·논증·정당화하기","돈·가격·금융·계약 어휘, 미디어·대중문화 어휘, 사회·경제·추상 명사, 관용 표현·연어·담화 표지(품사=표현) — 요금, 결제, 비용, 기사, 방송, 댓글, 제도, 고용, 소비, 마음에 들다, 도움이 되다, 약속을 지키다","신문 기사·보도문, SNS 게시물·댓글·포럼, 리뷰·비평문, 발표·브리핑","B2: as much as; as; only; both, even if; whereas; instead of, tend to; look; qualified evaluation; about","B2: so viel wie; gemäß; nur; sowohl, auch wenn; während; statt, eher; aussehen; eingeschränkte Bewertung; über","해요체(공손 비격식), 합쇼체·업무 격식 — 공통 기준을 정한 모임의 대안 비교. 제품 선호를 사람의 성격으로 확대하지 않는다."
12,KP12 B1.4 조건·의무·도움을 협의하기,B1,B1.4,"공공 서비스·관공서·은행·우체국, 직업·직장·취업, 교육·학교·학습, 가족·인간관계, 윤리·철학·추상적 논쟁","-거든1, -어야, -어야지1, -어야겠-, -으려면, -도록, -기 위해, -게 하다, -어 드리다, -으면 안 되다, -으면 좋겠다, -을 테니, 만 아니면","협상·절충·조건 조율하기, 거절하고 경계 정하기, 불만 제기·이의 신청하기, 이유·원인·결과 설명하기","행정·공공 서비스 어휘, 직업·직장 어휘, 감정·성격 어휘, 관용 표현·연어·담화 표지(품사=표현) — 신청, 접수, 창구, 직업, 회사, 동료, 기쁘다, 걱정하다, 당황하다, 마음에 들다, 도움이 되다, 약속을 지키다","격식 이메일·공문, 설명문·안내 텍스트, 면접","B2: if; only if; must; in order to, so that; make/let; do for, must not; wish; I'll so; except if","B2: wenn; nur wenn; müssen; um zu, damit; lassen; für jemanden tun, nicht dürfen; wünschen; ich werde; außer wenn","해요체(공손 비격식), 합쇼체·업무 격식, 친밀체(연인·가까운 사이) — 동료 간 요청과 공식 요청 메일을 구별한다. 업무 권한과 상대의 부담을 과제 카드에 제시한다."
13,KP13 B1.5 정보를 인용하고 근거를 구분하기,B1,B1.5,"기술·디지털·AI·데이터, 전화·메신저·인터넷 소통, 예절·관습·명절·호칭, 문화 차이·세계화·이주, 사회 문제·시사·공동체","이라고1, -는다고3, -는다고1, -는다거나1, 보고, 으로부터, -거든2, -잖아, -나 보다, -는가 보다, -는 모양이다, -을 텐데, -으니2","들은 정보 전달하기(간접화법), 요약·재구성하기, 확신·의심·완곡 표현하기, 바꿔 말하기·문장 고쳐 쓰기","기기·인터넷·디지털 어휘, 언어·문법·화법 메타언어, 미디어·대중문화 어휘, 사회·경제·추상 명사 — 파일, 비밀번호, 접속, 인용, 맥락, 화자, 기사, 방송, 댓글, 제도, 고용, 소비","신문 기사·보도문, 격식 이메일·공문, 발표·브리핑, 설명문·안내 텍스트","B2: quotation; said that; because; examples, tell; from; you see; shared background, seem; apparently; would expect; because","B2: Zitat; dass/Konjunktiv; weil; Beispiele, jemandem sagen; von; Begründung; gemeinsamer Wissensstand, scheinen; offenbar; Erwartung; denn","해요체(공손 비격식), 반말(친근·평교), 합쇼체·업무 격식 — 두 발언 출처를 구별하는 전달 장면. 출처가 미상인 부분은 미상으로 남긴다."
14,KP14 B2.1 자료·정의·역할을 설명하기,B2,B2.1,"기술·디지털·AI·데이터, 교육·학교·학습, 과학·연구·근거·통계, 정치·법·제도·행정, 돈·요금·계약·보험, 공공 서비스·관공서·은행·우체국","-는지, -듯이, -으며, 이며, 으로서, 으로써, 이란, 에 따라, 에 비하여, -을수록","용어 정의·개념 구분하기, 대화 열고 닫기·범위 정하기, 비교·대조·대안 검토하기, 요청·부탁하기","사회·경제·추상 명사, 제도·법률·행정 담화 어휘, 논증·평가·근거 어휘 — 제도, 고용, 소비, 권한, 책임, 조항, 근거, 반론, 타당성","보고서·제안서·공식 문서, 계약서·약관·법률 텍스트, 발표·브리핑","B2: whether/what; as if; while; and, as; by means of; is defined as, depending on; compared with; the more","B2: ob/was; wie; während; und, als; mittels; wird definiert als, je nach; im Vergleich; je mehr","합쇼체·업무 격식, 해요체(공손 비격식) — 전문가가 동료·비전문 청중에게 자료를 설명한다. 정의와 요청의 청중은 별도 표시한다."
15,KP15 B2.2 원인과 영향을 평가해 보고하기,B2,B2.2,"환경·기후·지속가능성, 경제·기업·노동시장, 직업·직장·취업, 건강·신체·병원·약국, 동네·이웃·주변 환경, 주거·집","-더니, -고서, -기에, -는 바람에, -는 탓에, -는 통에, 으로 인하여, -는 사이에, -는 김에, -어 대다, -어 버리다, -을 뻔하다, -어서인지 (재방문 -고 있다, -어 있다)","평가·비판·한계 지적하기, 불만 제기·이의 신청하기, 확신·의심·완곡 표현하기, 대화 열고 닫기·범위 정하기","사회·경제·추상 명사, 논증·평가·근거 어휘, 직업·직장 어휘 — 제도, 고용, 소비, 근거, 반론, 타당성, 직업, 회사, 동료","신문 기사·보도문, 보고서·제안서·공식 문서, 격식 이메일·공문","B2: observed then; after; since/because, because of; due to; thanks to versus blame, while; while at it; keep; end up; nearly","B2: beobachtet dann; nachdem; da/weil, wegen; aufgrund; dank versus Schuld, während; bei der Gelegenheit; ständig; fast","합쇼체·업무 격식, 해요체(공손 비격식) — 문제의 경위를 동료에게 설명한 뒤 공식 보고로 정리한다. 책임 소재는 주어진 증거만 따른다."
16,KP16 B2.3 가정·양보·선택 범위를 논의하기,B2,B2.3,"사회 문제·시사·공동체, 정치·법·제도·행정, 문화 차이·세계화·이주, 돈·요금·계약·보험, 여행·숙박","-는다면1, 만 같아도, -더라도, -을래야, -든지2, 이든, 이나마, 이라도, 이면, 치고, -는 한, -는다거나2","협상·절충·조건 조율하기, 거절하고 경계 정하기, 설득·논증·정당화하기, 비교·대조·대안 검토하기","제도·법률·행정 담화 어휘, 논증·평가·근거 어휘, 관용 표현·연어·담화 표지(품사=표현) — 권한, 책임, 조항, 근거, 반론, 타당성, 마음에 들다, 도움이 되다, 약속을 지키다","계약서·약관·법률 텍스트, 논설문·의견문(에세이), 회의·공식 토론","B2: if; even a little; even if; cannot despite trying, whichever; at least; even an alternative, if it is; for a member of; as long as; alternatives","B2: wenn; schon wenn; selbst wenn; trotz Absicht nicht können, egal welche; wenigstens; zur Not, wenn es; für ein; solange; Alternativen","해요체(공손 비격식), 합쇼체·업무 격식 — 동등한 협상 참여자. 개인 의지·기관의 권한·실행 가능성을 별도 조건으로 준다."
17,KP17 B2.4 인용을 확인하고 오해를 바로잡기,B2,B2.4,"가족·인간관계, 미디어·대중문화(K-pop·드라마·SNS), 예절·관습·명절·호칭, 예술·문학·역사·기억","-어라1, -는대2, -고4, -게5, -나3, -는다니2, -는다면서1, -다니1, -더군, -더라, -던데1, -는 줄, -어야지2","당사자 사이 중재·조정하기, 발언권 관리·끼어들기, 말투·존댓말·호칭 조절하기, 의견 말하고 동의·반대하기","미디어·대중문화 어휘, 예절·높임·호칭 어휘, 관용 표현·연어·담화 표지(품사=표현) — 기사, 방송, 댓글, 호칭, 높임, 말씀, 마음에 들다, 도움이 되다, 약속을 지키다","문학 텍스트, 회의·공식 토론, 리뷰·비평문","B2: told to; said; and what about; checking intent, wonder; you say; is that so; surprise, I noticed; background; thought that; should","B2: Aufforderung berichten; hieß es; Rückfrage, sich fragen; du sagst; stimmt das; Überraschung, ich bemerkte; Hintergrund; dachte; sollte","해요체(공손 비격식), 반말(친근·평교), 친밀체(연인·가까운 사이), 합쇼체·업무 격식 — 친밀한 대화와 공식 회의에서 인용을 확인한다. 같은 말끝도 관계와 이전 발화로 판단한다."
18,KP18 B2.5 논거를 종합하고 결론의 강도를 조절하기,B2,B2.5,"윤리·철학·추상적 논쟁, 과학·연구·근거·통계, 기술·디지털·AI·데이터, 교육·학교·학습, 환경·기후·지속가능성","-다시피, -거니와, 에 의하여, -으므로, -나 싶다, -는 듯, -을걸, -을 모양이다, 까지2, 마저, 이야, 커녕, -을 따름이다, -고자, -고도, -고 들다, -고 보다, -고 해서, -는 대로","설득·논증·정당화하기, 평가·비판·한계 지적하기, 확신·의심·완곡 표현하기, 대화 열고 닫기·범위 정하기","사회·경제·추상 명사, 논증·평가·근거 어휘, 관용 표현·연어·담화 표지(품사=표현) — 제도, 고용, 소비, 근거, 반론, 타당성, 마음에 들다, 도움이 되다, 약속을 지키다","논설문·의견문(에세이), 신문 기사·보도문, 발표·브리핑","C1: as you know; moreover; by; therefore, I wonder if; as though; I should have; expected, even; not even; as for; merely, intend; despite doing; insist; on occasion","C1: wie bekannt; außerdem; durch; daher, ich frage mich ob; als ob; hätte ... sollen; Erwartung, sogar; nicht einmal; gerade; lediglich, beabsichtigen; trotz; darauf bestehen; bei Gelegenheit","합쇼체·업무 격식, 해요체(공손 비격식) — 공개 발표와 동료 토론. 공적 발표의 격식을 일상 대화 전체로 넓히지 않는다."
19,KP19 C1.1 전문 내용을 문어로 조직하기,C1,C1.1,"전문 분야·학술·직무 언어, 과학·연구·근거·통계, 직업·직장·취업, 경제·기업·노동시장","-다4, -기에 앞서(서), -는 가운데, -는 동시에, -은 채로, -고는, -기가 바쁘게, -었던, 에 관하여, -어 내다 (재방문 -어 있다)","요약·재구성하기, 바꿔 말하기·문장 고쳐 쓰기, 용어 정의·개념 구분하기, 대화 열고 닫기·범위 정하기","논증·평가·근거 어휘, 제도·법률·행정 담화 어휘, 언어·문법·화법 메타언어, 관용 표현·연어·담화 표지(품사=표현) — 논거, 타당성, 추론 과정, 업무 분장, 책임 소재, 시행 절차, 명사화, 정보 구조, 행위 주체, 논지를 전개하다, 핵심을 짚다, 맥을 짚다","학술·전문 텍스트, 보고서·제안서·공식 문서","C1: plain written assertion; before; amid; at the same time, with a state maintained; would then; no sooner, previously completed; concerning; manage to","C1: Sachprosa; vor; während; zugleich, in unverändertem Zustand; wiederholt; kaum…schon, früher abgeschlossen; hinsichtlich; bewältigen","합쇼체·업무 격식, 해요체(공손 비격식) — 연구·업무 동료에게 해요체로 설명한 뒤 공개 브리핑과 문어 보고로 재구성한다."
20,KP20 C1.2 불확실성과 일반화의 한계를 표현하기,C1,C1.2,"과학·연구·근거·통계, 기술·디지털·AI·데이터, 건강·신체·병원·약국, 환경·기후·지속가능성","-는 듯하다, -을 법하다, -으려나 보다, -을 만하다, -게 마련이다, -기가 쉽다, -는 법이다, -는가1 (재방문 -는 것 같다)","확신·의심·완곡 표현하기, 평가·비판·한계 지적하기, 비교·대조·대안 검토하기, 용어 정의·개념 구분하기","논증·평가·근거 어휘, 사회·경제·추상 명사, 언어·문법·화법 메타언어, 관용 표현·연어·담화 표지(품사=표현) — 반증 가능성, 표본 편향, 잠정 결론, 일반화, 경향성, 상관관계, 양태, 유보 표현, 확신 정도, 판단을 유보하다, 근거를 뒷받침하다, 여지를 남기다","학술·전문 텍스트, 신문 기사·보도문, 발표·브리핑","C1: seem; plausible; appear about to, worth doing; tend to; be liable to, general rule; reflective question","C1: scheinen; plausibel; offenbar vorhaben, lohnend; gewöhnlich; leicht dazu neigen, allgemeiner Grundsatz; Reflexionsfrage","해요체(공손 비격식), 합쇼체·업무 격식 — 동등한 전문 동료와 자료를 평가한다. 전문성은 모든 발화를 합니다체로 만들지 않는다."
21,KP21 C1.3 반론을 수용하고 논증을 정교화하기,C1,C1.3,"윤리·철학·추상적 논쟁, 정치·법·제도·행정, 사회 문제·시사·공동체, 문화 차이·세계화·이주","-는데도, -는데도 불구하고, 에도 불구하고, -을지라도, 조차, 는 말할 것도 없고, -을뿐더러, -는 데다가, -느니1, -지1","설득·논증·정당화하기, 비교·대조·대안 검토하기, 거절하고 경계 정하기, 당사자 사이 중재·조정하기","논증·평가·근거 어휘, 제도·법률·행정 담화 어휘, 사회·경제·추상 명사, 관용 표현·연어·담화 표지(품사=표현) — 반론, 논증 구조, 전제, 제도적 제약, 예외 규정, 권한 범위, 기회비용, 형평성, 이해관계, 논점을 흐리다, 반론을 제기하다, 허점을 짚다","강연·연설·긴 독백, 계약서·약관·법률 텍스트, 논설문·의견문(에세이), 회의·공식 토론","C1: despite; even though, even if; even; not to mention, not only; additionally; rather than; X not Y","C1: trotz; obwohl, selbst wenn; sogar; ganz zu schweigen von, nicht nur; außerdem; lieber als; X statt Y","합쇼체·업무 격식, 해요체(공손 비격식) — 서로 다른 견해를 가진 공론장 참여자와 대면 조정. 입장과 인격 평가를 분리한다."
22,KP22 C1.4 정책·선택의 조건과 책임 검토하기,C1,C1.4,"경제·기업·노동시장, 정치·법·제도·행정, 환경·기후·지속가능성, 교육·학교·학습","-을 테다, -을 테면, -을 테지만, -기 나름이다, -기에 따라, -은 나머지, -는 이상, -다가는, -으면 몰라도","협상·절충·조건 조율하기, 평가·비판·한계 지적하기, 거절하고 경계 정하기, 대화 열고 닫기·범위 정하기","제도·법률·행정 담화 어휘, 사회·경제·추상 명사, 논증·평가·근거 어휘, 관용 표현·연어·담화 표지(품사=표현) — 집행 권한, 시행 조건, 평가 지표, 정책 효과, 재원, 파급 효과, 위험 평가, 비용 편익, 실현 가능성, 책임을 지다, 조건을 충족하다, 입장 차를 좁히다","계약서·약관·법률 텍스트, 보고서·제안서·공식 문서, 회의·공식 토론","C1: intend firmly; if you really will; will but, depend on; according to how; so much that, given that; if this continues; unless","C1: entschlossen sein; wenn schon; zwar…aber, abhängen von; je nachdem; so sehr dass, da nun; wenn das so weitergeht; es sei denn","합쇼체·업무 격식, 해요체(공손 비격식) — 정책 담당자와 이해관계자의 협의. 실제 권한과 약속 가능한 범위를 과제에 명시한다."
23,KP23 C1.5 여러 출처의 말과 의도를 중개하기,C1,C1.5,"미디어·대중문화(K-pop·드라마·SNS), 사회 문제·시사·공동체, 전문 분야·학술·직무 언어, 직업·직장·취업","-는다기에, -는다니1, -자기에, -더라고, -데, -다니1, -는다는 것이, 를 가지고","요약·재구성하기, 당사자 사이 중재·조정하기, 프레임·함축·전제 분석하기, 바꿔 말하기·문장 고쳐 쓰기","언어·문법·화법 메타언어, 논증·평가·근거 어휘, 관용 표현·연어·담화 표지(품사=표현) — 인용 범위, 전언, 발화 주체, 출처 확인, 교차 검증, 정정, 말을 옮기다, 뜻을 조율하다, 말을 보태다","신문 기사·보도문, 강연·연설·긴 독백, 발표·브리핑, 보고서·제안서·공식 문서","C1: because I heard; who was told to; suggestion reported, I noticed; was like; to think, meant to but; over/about","C1: weil es hieß; wer sollte; Vorschlag berichtet, ich habe bemerkt; Feststellung; dass…, wollte eigentlich; wegen/über","해요체(공손 비격식), 합쇼체·업무 격식 — 발언을 중개하는 동료. 전달자·원 발언자·명령 수행자를 한 사람으로 합치지 않는다."
24,KP24 C1.6 관계와 장르에 맞춰 말투를 재구성하기,C1,C1.6,"예술·문학·역사·기억, 가족·인간관계, 언어·학습·의사소통 되묻기, 윤리·철학·추상적 논쟁","-거라, -고말고, -네2, -는걸, -으려고2, -게 생겼다, -는 척하다, -기만 하다, 따라, 이라든가, -길래 (재방문 -으시-)","프레임·함축·전제 분석하기, 바꿔 말하기·문장 고쳐 쓰기, 확신·의심·완곡 표현하기, 평가·비판·한계 지적하기","예술·역사·기억 담화 어휘, 언어·문법·화법 메타언어, 관용 표현·연어·담화 표지(품사=표현) — 서술자, 작품 해석, 비평, 냉소, 반어, 공유 전제, 말에 뼈가 있다, 말문을 열다, 속내를 드러내다","문학 텍스트, 강연·연설·긴 독백, 회의·공식 토론, 논설문·의견문(에세이)","C1: familiar directive; certainly; exclamation, I find; surely not; looks likely to go wrong, pretend; only keep; of all days; examples; because","C1: vertraute Aufforderung; gewiss; Ausruf, Feststellung; etwa; drohende Entwicklung, so tun als ob; nur; ausgerechnet; etwa; weil","반말(친근·평교), 친밀체(연인·가까운 사이), 해요체(공손 비격식), 합쇼체·업무 격식 — 가까운 관계의 갈등 조정과 공개 성찰. 친밀체 사용의 근거는 합의된 관계다."
25,KP25 C2.1 제도 문어의 범위·정의·전제를 해석하기,C2,C2.1,"정치·법·제도·행정, 전문 분야·학술·직무 언어, 과학·연구·근거·통계, 경제·기업·노동시장","-는다는, -이라야, -되, 를 막론하고, 는 마당에, -느니만큼, -건대 (재방문 -기)","용어 정의·개념 구분하기, 프레임·함축·전제 분석하기, 요약·재구성하기","제도·법률·행정 담화 어휘, 논증·평가·근거 어휘, 언어·문법·화법 메타언어, 관용 표현·연어·담화 표지(품사=표현) — 적용 범위, 단서 조항, 자격 요건, 필요조건, 충분조건, 경계 사례, 개념 정의, 외연, 함의, 범위를 한정하다, 단서를 달다, 맥락을 살피다","계약서·약관·법률 텍스트, 학술·전문 텍스트, 보고서·제안서·공식 문서","C1: the claim that; only if; provided that, regardless of; now that the situation is, given the extent; as far as I judge","C1: die Aussage dass; nur wenn; mit Vorbehalt, ungeachtet; angesichts der Lage, in Anbetracht; meines Erachtens","문어 하다체(해라체의 문어 용법 — -는다·-다4·-라2. 읽는 사람이 정해져 있지 않아 청자 대우 등급이 비어 있고, 사람을 높이는 일은 -으시-와 겸양 어휘가 맡는다), 합쇼체·업무 격식, 해요체(공손 비격식) — 제도 문서 검토자와 비전문 동료. 이 과제는 문서 이해이며 전문 법률 판단을 평가하지 않는다."
26,KP26 C2.2 서사의 평가와 관점을 비판적으로 읽기,C2,C2.2,"예술·문학·역사·기억, 미디어·대중문화(K-pop·드라마·SNS), 가족·인간관계, 건강·신체·병원·약국","마는, -건만, -어 치우다, -기 일쑤이다, -기 짝이 없다, -디1, -노라면 (재방문 -어 버리다)","평가·비판·한계 지적하기, 프레임·함축·전제 분석하기, 바꿔 말하기·문장 고쳐 쓰기","예술·역사·기억 담화 어휘, 관용 표현·연어·담화 표지(품사=표현), 논증·평가·근거 어휘 — 서사 시점, 역사적 기억, 상징, 행간을 읽다, 색안경을 끼다, 여운을 남기다, 해석의 정합성, 평가 기준, 텍스트 근거","문학 텍스트, 신문 기사·보도문, 리뷰·비평문, 논설문·의견문(에세이)","C2: yet; although; finish off, all too often; utterly, deep intensification; as one keeps doing","C2: doch; obwohl; fertig erledigen, immer wieder; äußerst, starke Intensivierung; im Verlauf des Tuns","해요체(공손 비격식), 반말(친근·평교), 친밀체(연인·가까운 사이), 문어 하다체(해라체의 문어 용법 — -는다·-다4·-라2. 읽는 사람이 정해져 있지 않아 청자 대우 등급이 비어 있고, 사람을 높이는 일은 -으시-와 겸양 어휘가 맡는다) — 친한 독서 모임 참여자와 비평 독자. 작품의 서술자와 실제 저자를 자동으로 동일시하지 않는다."
27,KP27 C2.3 극단적 조건에서도 태도와 선택을 정교화하기,C2,C2.3,"윤리·철학·추상적 논쟁, 환경·기후·지속가능성, 사회 문제·시사·공동체, 문화 차이·세계화·이주","-은들, -을망정, -는 한이 있어도, -기로서니, -는다고1, -자면1, -자니3, -으려도, -을라치면, -을 바에 (재방문 -더라도)","설득·논증·정당화하기, 협상·절충·조건 조율하기, 비교·대조·대안 검토하기","논증·평가·근거 어휘, 제도·법률·행정 담화 어휘, 관용 표현·연어·담화 표지(품사=표현) — 극단적 양보, 가정적 상황, 상쇄 효과, 협의 절차, 중재안, 합의 조건, 접점을 찾다, 평행선을 달리다, 양보를 끌어내다","논설문·의견문(에세이), 강연·연설·긴 독백, 회의·공식 토론","C2: even if; rather accept X; whatever the cost, even granting; intending to; if I were to; dilemma, even trying; whenever about to; rather than","C2: selbst wenn; lieber X in Kauf nehmen; um jeden Preis, selbst zugestanden; in der Absicht; wenn man; Dilemma, selbst wenn man will; sobald man ansetzt; lieber als","해요체(공손 비격식), 합쇼체·업무 격식, 문어 하다체(해라체의 문어 용법 — -는다·-다4·-라2. 읽는 사람이 정해져 있지 않아 청자 대우 등급이 비어 있고, 사람을 높이는 일은 -으시-와 겸양 어휘가 맡는다) — 민감한 공동체 선택의 동등한 토론 참여자. 결연한 자기 입장과 상대 의무를 구분한다."
28,KP28 C2.4 아이러니·축소·인용 확인을 해석하기,C2,C2.4,"미디어·대중문화(K-pop·드라마·SNS), 기술·디지털·AI·데이터, 언어·학습·의사소통 되묻기, 직업·직장·취업","이라고2, 이라고는, 깨나, 을랑, 이라면, -자면2, -던가1, -는다던가1, -던2, -으래서야 (재방문 이라고1)","프레임·함축·전제 분석하기, 당사자 사이 중재·조정하기, 발언권 관리·끼어들기","언어·문법·화법 메타언어, 예절·높임·호칭 어휘, 관용 표현·연어·담화 표지(품사=표현) — 평가적 명명, 화제 한정, 인용 조건, 호칭 선택, 청자 대우, 대인 거리, 말꼬리를 잡다, 언중유골, 말의 무게","신문 기사·보도문, 문학 텍스트, 발표·브리핑, 회의·공식 토론","C2: so-called; nothing but; quite a lot, as for this; when it comes to; if someone suggests acting together, was it; who said to; remind me; how can one","C2: sogenannt; nichts als; ganz schön viel, was dies betrifft; bei diesem Thema; wenn jemand vorschlägt, gemeinsam etwas zu tun, war es; wer sollte; Erinnerung; wie soll man","해요체(공손 비격식), 반말(친근·평교), 합쇼체·업무 격식 — 서로 다른 두 참여자의 말을 중개한다. 아이러니 판정에는 이전 발화와 상황을 함께 제공한다."
29,KP29 C2.5 수사적·문학적 목소리를 조절하기,C2,C2.5,"예술·문학·역사·기억, 윤리·철학·추상적 논쟁, 과학·연구·근거·통계, 정치·법·제도·행정","-으리라, -으리오, -으련마는, -으리라고, -으리라는, -던가2, -는가2, -라2, -으니4 (재방문 -는 듯하다)","평가·비판·한계 지적하기, 확신·의심·완곡 표현하기, 설득·논증·정당화하기, 바꿔 말하기·문장 고쳐 쓰기","예술·역사·기억 담화 어휘, 논증·평가·근거 어휘, 언어·문법·화법 메타언어, 관용 표현·연어·담화 표지(품사=표현) — 문학적 목소리, 독백, 관습적 표현, 해석의 유보, 다의성, 비평적 거리, 종결형, 장르 제약, 수사 의문, 시야를 넓히다, 맥락을 벗어나다, 무게를 두다","문학 텍스트, 학술·전문 텍스트, 논설문·의견문(에세이)","C2: shall/will; how could; would but, expected that; the expectation that, I wonder; is it really; written judgement; how can","C2: werde; wie sollte; würde zwar, erwartete dass; die Erwartung dass, Selbstfrage; Problemfrage; Feststellung; Vorwurf","문어 하다체(해라체의 문어 용법 — -는다·-다4·-라2. 읽는 사람이 정해져 있지 않아 청자 대우 등급이 비어 있고, 사람을 높이는 일은 -으시-와 겸양 어휘가 맡는다), 합쇼체·업무 격식, 해요체(공손 비격식) — 문학·전문 독자와 공적 청중. 수사적 목소리는 고른 장르의 효과이며 평상시 말투의 기본값이 아니다."
30,KP30 C2.6 대우법·세대·상황에 따라 문체를 전환하기,C2,C2.6,"가족·인간관계, 문화 차이·세계화·이주, 전문 분야·학술·직무 언어, 사회 문제·시사·공동체, 경제·기업·노동시장","-거들랑1, -거들랑2, -네1, -나2, -게3, -게4, -는구만, -는구먼, -소, -으오, -구려2, -는구려, -그려 (재방문 -네, -네2, -으시-)","말투·존댓말·호칭 조절하기, 당사자 사이 중재·조정하기, 요약·재구성하기, 비교·대조·대안 검토하기","예절·높임·호칭 어휘, 언어·문법·화법 메타언어, 관용 표현·연어·담화 표지(품사=표현) — 주체 높임, 상대 높임, 호칭 체계, 문체 효과, 명제 보존, 화용적 함축, 격식을 갖추다, 말을 가려 하다, 뜻을 헤아리다","문학 텍스트, 강연·연설·긴 독백, 계약서·약관·법률 텍스트, 리뷰·비평문, 보고서·제안서·공식 문서, 발표·브리핑","none: if/when; you see, familiar downward courtesy; exclamations, distant respectful style; genre-dependent voice","none: wenn; erklärender Nachsatz, vertraute Anrede mit Distanz; Ausrufe, distanzierte Achtung; registerabhängige Stimme","해요체(공손 비격식), 합쇼체·업무 격식, 반말(친근·평교), 친밀체(연인·가까운 사이), 문어 하다체(해라체의 문어 용법 — -는다·-다4·-라2. 읽는 사람이 정해져 있지 않아 청자 대우 등급이 비어 있고, 사람을 높이는 일은 -으시-와 겸양 어휘가 맡는다), 하게체(손아랫사람·오랜 동년배를 향해 아래로 예의를 갖추는 말 — -네1·-나2·-게3·-는가1), 하오체(상대를 대접하되 가까이 가지 않는 말 — -소·-으오·-구려2) — 가까운 사람·새 동료·공개 청중과 문어 독자를 구별한다. 하오·하게체는 인식·재구성 대상으로 둔다."
