path,group,role,source,visual_review,decision,priority,width,height,mode,size_kb,alpha_coverage_pct,alpha_bbox,sat_mean,value_mean,evaluation,implementation
assets/illustrations/personal_hanok_v2/map/site_base_light.png,개인 한옥 지도,대지·담장·마당 베이스,production_bundle,direct,재구성,P0,1536,1152,RGB,2825.8,100,"0,0,1536,1152",0.365,0.601,"한지·석축·토질 재질과 카메라는 정본에 가깝다. 그러나 식생·돌·오솔길이 이미 전면에 구워져 있어 마당이 비지 않고, 향후 중문·작업마당·사당 경계를 넣을 여백이 없다.",원본은 보존하고 site_base_v2를 새로 합성한다. 담·기단·마당 면은 살리고 자잘한 초목/돌은 60~70% 제거하며 사랑마당·행랑마당·안마당·작업마당 소켓을 명시한다.
assets/illustrations/personal_hanok_v2/map/landscape/rear_garden.png,개인 한옥 지도,후원 메가 레이어,production_bundle,direct,런타임 퇴역·분해,P0,1536,1152,RGBA,1228.5,25.43,"201,051,515,628",0.138,0.102,"연못 2개, 다리, 정자, 수목, 괴석, 꽃, 장독대가 한 장에 묶여 후원이 건축보다 더 큰 주인공이 된다. 종갓집보다 판타지 정원 리조트처럼 읽히는 핵심 원인이다.","단일 레이어 사용을 중단한다. 화계/석축, 영웅 수목, 보조 수목, 작은 연못, 정자, 계절 오버레이로 분해한다. 장독대는 안채 뒤 또는 작업영역으로 이동한다."
assets/illustrations/personal_hanok_v2/map/structures/sarangchae.png,개인 한옥 지도,사랑채 완성형,production_bundle,direct,정본 유지,P0,1536,1152,RGBA,393.8,12.14,"1,596,141,012,923",0.04,0.057,"현재 세트에서 가장 강한 영웅 건축물이다. 처마선, 목재, 창호, 한지 질감이 한글소리의 고급 Faceted Minhwa 감각을 가장 잘 보존한다.",재생성 금지. masterplan V2에서 위치·축척·z만 조정한다. 사랑대청/누마루 개방감은 내부 진입과 포커스 연출로 보강한다.
assets/illustrations/personal_hanok_v2/map/structures/anchae.png,개인 한옥 지도,안채 완성형,production_bundle,direct,유지·재배치,P0,1536,1152,RGBA,340.5,7.74,"4,022,971,101,636",0.023,0.032,ㄷ/U자 안마당을 형성하는 실루엣이 좋고 사랑채와 같은 재질군이다. 다만 현재는 중문 없이 바로 노출되어 사적 영역의 위계가 약하다.,"재생성하지 않는다. 중문·담장과 함께 뒤쪽 생활권으로 재배치하고, 안마당 중앙은 비운다."
assets/illustrations/personal_hanok_v2/map/structures/haengrangchae.png,개인 한옥 지도,행랑채 완성형,production_bundle,direct,유지·확장 재사용,P0,1536,1152,RGBA,142.8,3.52,"2,518,566,771,034",0.013,0.015,낮고 긴 서비스 건물로 적절하다. 현재는 사랑채·대문 사이에 눌려 하나의 작은 띠처럼 보인다.,정본 유지. 위치를 전면 작업영역으로 분리하고 필요하면 동일 기하에서 곳간/광 wing을 파생한다.
assets/illustrations/personal_hanok_v2/map/structures/sotdaeulmun.png,개인 한옥 지도,솟을대문 완성형,production_bundle,direct,정본 유지,P0,1536,1152,RGBA,112.3,2.77,"5,988,749,411,081",0.01,0.012,크기와 재질은 좋고 입구 위계를 읽힌다. 지금은 주변 담·행랑과의 접속이 약해 독립 아이콘처럼 보인다.,"재생성 금지. 문턱, 좌우 담 접속부, 열린 문 상태를 추가하고 행랑마당 진입축을 정리한다."
assets/illustrations/personal_hanok_v2/map/structures/sadang.png,개인 한옥 지도,사당 완성형,production_bundle,direct,유지·영역 재설계,P0,1536,1152,RGBA,93,1.99,"11,963,431,397,577",0.005,0.008,맞배에 가까운 절제된 작은 채로 쓸 수 있다. 다만 현재 사당담과 일각문이 불완전하고 주변 식생이 많아 의례 영역의 비움이 약하다.,건물은 유지한다. 별도 사당담·일각문·빈 사당마당을 새 인프라 레이어로 더한다.
assets/illustrations/personal_hanok_v2/map/structures/daecheongmaru.png,개인 한옥 지도,독립 대청마루,production_bundle,direct,세계지도에서 제거·재분류,P0,1536,1152,RGBA,54.9,1.06,"689,349,863,493",0.004,0.004,"너무 작아 정자/부스처럼 보이며, 대청을 사랑채·안채와 동급의 독립 건물로 만드는 구조적 오류를 강화한다.","세계지도 건물 목록에서 뺀다. 사랑대청/안대청 내부 venue의 진입 마커로만 쓰거나, 완전히 새롭고 간결한 정자 자산의 임시 기하 참고로만 보관한다."
assets/illustrations/personal_hanok_v2/map/stages/anchae_s1_platform.png,지도 축약 시공,지도 시공 단계: 안채 기단,production_bundle,direct,유지·배선,P1,1536,1152,RGBA,24.5,0.34,"4,154,511,089,634",0.002,0.002,완성형과 정렬이 안정적이다.,B1 축약 시공 1단계로 렌더러에 연결한다.
assets/illustrations/personal_hanok_v2/map/stages/anchae_s2_frame.png,지도 축약 시공,지도 시공 단계: 안채 골조,production_bundle,direct,유지·배선,P1,1536,1152,RGBA,268.1,5.98,"4,133,171,091,634",0.04,0.035,기단에서 골조로의 변화가 명확하고 카메라가 고정된다.,B1 2단계로 연결한다.
assets/illustrations/personal_hanok_v2/map/stages/anchae_s3_roof.png,지도 축약 시공,지도 시공 단계: 안채 지붕,production_bundle,direct,유지·배선,P1,1536,1152,RGBA,284.3,6.36,"4,132,991,091,634",0.04,0.036,골조 위 지붕 누적이 자연스럽다.,pending s4_final과 한 체인으로 연결한다.
assets/illustrations/personal_hanok_v2/map/stages/daecheongmaru_s1_platform.png,지도 축약 시공,지도 시공 단계: 대청 기단,production_bundle,direct,아카이브,P1,1536,1152,RGBA,17.6,0.21,"700,460,851,490",0.001,0.001,기하 자체는 정렬되지만 독립 대청 건물 방향을 강화한다.,세계지도 대청 제거와 함께 런타임 체인에서 제외한다.
assets/illustrations/personal_hanok_v2/map/stages/daecheongmaru_s2_frame.png,지도 축약 시공,지도 시공 단계: 대청 골조,production_bundle,direct,아카이브,P1,1536,1152,RGBA,32.9,0.53,"696,416,855,490",0.003,0.003,동일 이유로 구조적으로 불필요하다.,제작 원본/회귀 자료로만 보관한다.
assets/illustrations/personal_hanok_v2/map/stages/haengrangchae_s1_foundation.png,지도 축약 시공,지도 시공 단계: 행랑채 기단,production_bundle,direct,유지·배선,P1,1536,1152,RGBA,9.3,0.05,"26,410,246,671,032",0.001,0,낮고 긴 행랑의 공정 시작이 잘 읽힌다.,B1 시공 체인 1단계.
assets/illustrations/personal_hanok_v2/map/stages/haengrangchae_s2_frame.png,지도 축약 시공,지도 시공 단계: 행랑채 골조,production_bundle,direct,유지·배선,P1,1536,1152,RGBA,62,1.46,"2,629,386,671,032",0.009,0.008,기하 일관성이 좋다.,B1 시공 체인 2단계.
assets/illustrations/personal_hanok_v2/map/stages/haengrangchae_s3_roof.png,지도 축약 시공,지도 시공 단계: 행랑채 지붕,production_bundle,direct,유지·배선,P1,1536,1152,RGBA,125.1,3.05,"2,538,576,751,032",0.011,0.013,지붕 누적이 명확하다.,pending s4_final과 연결.
assets/illustrations/personal_hanok_v2/map/stages/rear_garden_s1_hardscape.png,지도 축약 시공,지도 시공 단계: 후원 경질경관,production_bundle,direct,교체,P1,1536,1152,RGBA,355.2,7.42,"1,081,761,402,595",0.033,0.033,현재 거대 연못/정원 메가레이어의 전제에 묶여 있다.,V2 화계·석축 모듈로 대체한다.
assets/illustrations/personal_hanok_v2/map/stages/rear_garden_s2_bridge.png,지도 축약 시공,지도 시공 단계: 후원 다리,production_bundle,direct,조건부 아카이브,P1,1536,1152,RGBA,390.1,8.21,"1,081,761,402,595",0.036,0.037,다리가 연못 규모를 키우고 후원을 테마파크처럼 만든다.,작은 연못을 최종 채택할 때만 축소 변형을 검토한다.
assets/illustrations/personal_hanok_v2/map/stages/sadang_s1_platform.png,지도 축약 시공,지도 시공 단계: 사당 기단,production_bundle,direct,유지·배선,P1,1536,1152,RGBA,10,0.05,"11,984,631,396,576",0,0,사당의 위계적 시작점으로 명확하다.,사당담 기단과 함께 B2 체인 1단계.
assets/illustrations/personal_hanok_v2/map/stages/sadang_s2_frame_roof.png,지도 축약 시공,지도 시공 단계: 사당 골조·지붕,production_bundle,direct,유지·배선,P1,1536,1152,RGBA,76.5,1.59,"11,983,461,396,576",0.008,0.009,축약 단계로 적당하다.,pending s3_final과 연결.
assets/illustrations/personal_hanok_v2/map/stages/sotdaeulmun_s1_platform.png,지도 축약 시공,지도 시공 단계: 솟을대문 기단,production_bundle,direct,유지·배선,P1,1536,1152,RGBA,19.1,0.29,"61,310,419,261,080",0.001,0.002,문턱과 진입 시작이 잘 읽힌다.,B1 체인 1단계.
assets/illustrations/personal_hanok_v2/map/stages/sotdaeulmun_s2_frame_roof.png,지도 축약 시공,지도 시공 단계: 솟을대문 골조·지붕,production_bundle,direct,유지·배선,P1,1536,1152,RGBA,105.4,2.57,"6,008,759,391,080",0.008,0.011,완성 전 상태가 명확하다.,pending s3_final과 연결.
assets/illustrations/personal_hanok_v2/a1/states/01_site_setout.webp,A1 16단계,A1 터잡기,production_bundle,direct,구조 유지·베이스 교체,P0,1536,1152,RGB,256.3,100,"0,0,1536,1152",0.367,0.602,공정 시작이 명확하지만 이미 완성 담장·식생이 둘러싸여 “맨땅에서 시작”하는 서사가 약하다.,새 A1 sparse base 위에 동일 상태를 합성한다.
assets/illustrations/personal_hanok_v2/a1/states/02_plan_layout.webp,A1 16단계,A1 설계/배치,production_bundle,direct,구조 유지·베이스 교체,P0,1536,1152,RGB,258.7,100,"0,0,1536,1152",0.368,0.601,배치선이 잘 읽히고 1단계와 카메라가 고정된다.,"동일 기하 유지, 미래 영역은 흐림/잠금 처리."
assets/illustrations/personal_hanok_v2/a1/states/03_foundation_gidan.webp,A1 16단계,A1 기초·기단,production_bundle,direct,정본 유지,P0,1536,1152,RGB,257.4,100,"0,0,1536,1152",0.363,0.602,토대 상승이 분명하다.,베이스만 교체하고 구조 픽셀은 건드리지 않는다.
assets/illustrations/personal_hanok_v2/a1/states/04_cornerstones_choseok.webp,A1 16단계,A1 초석,production_bundle,direct,정본 유지,P0,1536,1152,RGB,258,100,"0,0,1536,1152",0.363,0.601,초석의 위치와 반복이 명확하다.,그대로 유지.
assets/illustrations/personal_hanok_v2/a1/states/05_timber_preparation.webp,A1 16단계,A1 치목,production_bundle,direct,정본 유지,P0,1536,1152,RGB,261.4,100,"0,0,1536,1152",0.364,0.601,현장에 목재가 등장해 공정 어휘를 행동과 연결하기 좋다.,"그대로 유지, 소품 밀도만 과하지 않게."
assets/illustrations/personal_hanok_v2/a1/states/06_columns.webp,A1 16단계,A1 기둥,production_bundle,direct,정본 유지,P0,1536,1152,RGB,268.1,100,"0,0,1536,1152",0.367,0.597,기둥 수와 위치가 안정적이다.,그대로 유지.
assets/illustrations/personal_hanok_v2/a1/states/07_beams_changbang.webp,A1 16단계,A1 창방·보,production_bundle,direct,정본 유지,P0,1536,1152,RGB,267.9,100,"0,0,1536,1152",0.369,0.595,수평 구조 누적이 읽힌다.,그대로 유지.
assets/illustrations/personal_hanok_v2/a1/states/08_purlins_sangnyang.webp,A1 16단계,A1 도리·상량,production_bundle,direct,정본 유지,P0,1536,1152,RGB,268.4,100,"0,0,1536,1152",0.371,0.594,상부 구조의 단계 차이가 명확하다.,그대로 유지.
assets/illustrations/personal_hanok_v2/a1/states/09_rafters_roof_frame.webp,A1 16단계,A1 서까래·추녀,production_bundle,direct,정본 유지,P0,1536,1152,RGB,278.7,100,"0,0,1536,1152",0.372,0.595,지붕 골조 전환이 가장 교육적으로 좋다.,그대로 유지.
assets/illustrations/personal_hanok_v2/a1/states/10_roof_base.webp,A1 16단계,A1 개판·보토,production_bundle,direct,정본 유지,P0,1536,1152,RGB,254.9,100,"0,0,1536,1152",0.364,0.595,기와 이전의 지붕 바탕이 구분된다.,그대로 유지.
assets/illustrations/personal_hanok_v2/a1/states/11_giwa_roof.webp,A1 16단계,A1 기와,production_bundle,direct,정본 유지,P0,1536,1152,RGB,270.6,100,"0,0,1536,1152",0.356,0.583,처마선 완성이 보상으로 강하다.,그대로 유지.
assets/illustrations/personal_hanok_v2/a1/states/12_wall_frame_sujang.webp,A1 16단계,A1 수장,production_bundle,direct,정본 유지,P0,1536,1152,RGB,271.3,100,"0,0,1536,1152",0.362,0.578,벽 이전 세부 구조가 유지된다.,그대로 유지.
assets/illustrations/personal_hanok_v2/a1/states/13_earth_walls.webp,A1 16단계,A1 흙벽,production_bundle,direct,정본 유지,P0,1536,1152,RGB,272.3,100,"0,0,1536,1152",0.363,0.577,외관의 생활 가능성이 커지는 변화가 명확하다.,그대로 유지.
assets/illustrations/personal_hanok_v2/a1/states/14_ondol_maru.webp,A1 16단계,A1 온돌·마루,production_bundle,direct,정본 유지,P0,1536,1152,RGB,273.5,100,"0,0,1536,1152",0.363,0.577,내부 마감 단계가 잘 읽힌다.,그대로 유지.
assets/illustrations/personal_hanok_v2/a1/states/15_changho_finish.webp,A1 16단계,A1 창호,production_bundle,direct,정본 유지,P0,1536,1152,RGB,274.3,100,"0,0,1536,1152",0.36,0.575,완성 직전의 창호 변화가 분명하다.,그대로 유지.
assets/illustrations/personal_hanok_v2/a1/states/16_landscape_move_in.webp,A1 16단계,A1 입택·조경,production_bundle,direct,유지·조경 절제,P0,1536,1152,RGB,273.9,100,"0,0,1536,1152",0.36,0.575,완성 보상은 좋지만 주변 조경을 많이 넣으면 A1 종료 시 종가가 이미 완성돼 보일 수 있다.,"사랑마당과 나무 1~2그루, 굴뚝/등잔 등 최소 생활 흔적만 허용한다."
assets/illustrations/personal_hanok_v2/interiors/anbang_empty.png,실내 배경,안방 배경,production_bundle,direct,교체,P1,1086,1448,RGB,2169.4,100,"0,0,1086,1448",0.624,0.505,"원근과 공간은 실용적이지만 매끈한 3D 질감, 짙은 광택 마루, 녹색 장식띠가 외부 Faceted Minhwa와 끊기며 민가보다 고급 식당/궁중 공간에 가깝다.","1086×1448 슬롯 계약은 유지하고, 무단청·무광 목재·한지벽·절제된 창호의 Faceted interior V2로 다시 만든다."
assets/illustrations/personal_hanok_v2/interiors/daecheong_empty.png,실내 배경,대청 배경,production_bundle,direct,교체,P1,1086,1448,RGB,2324.8,100,"0,0,1086,1448",0.532,0.514,천장과 보의 단청이 강해 사대부 살림집보다 궁궐·사찰 분위기다. 지도에서 대청을 독립 건물로 둔 문제와도 연결된다.,사랑대청/안대청 두 venue 중 하나로 재정의한다. 열린 기둥·우물마루·비워진 마루를 중심으로 무단청에 가깝게 재제작한다.
assets/illustrations/hanok/sarangbang_empty.png,실내 배경,사랑방 배경,production_bundle,direct,임시 유지·교체 예정,P1,1086,1448,RGB,2496,100,"0,0,1086,1448",0.674,0.542,세 실내 중 가장 따뜻하고 단순하지만 여전히 사실적 3D와 녹색 장식띠가 강하다.,"현재 슬롯 편집을 깨지 않도록 임시 유지하고, F-A 가구와 같은 면분할·한지 무광 배경으로 교체한다."
assets/illustrations/hanok/achievements.png,구 한옥/UI,한옥 관련 업적 UI 배너,production_bundle,direct,UI 전용 유지,P3,1254,608,P,376.7,100,"0,0,1254,608",0.302,0.573,한옥 처마와 마스코트 브랜딩은 좋지만 estate 카메라/재질과 무관하다.,"업적 화면에만 유지, V2 모델 입력 금지."
assets/illustrations/hanok/calligraphy.png,구 한옥/UI,한옥 관련 캘리그래피 UI 배너,production_bundle,direct,UI 전용 유지,P3,1254,372,P,203.7,100,"0,0,1254,372",0.271,0.734,그래픽 배너로는 적합하다.,학습 UI에만 사용.
assets/illustrations/hanok/gate_door_left.png,구 한옥/UI,한옥 관련 인트로 문짝 소스,production_bundle,direct,소스 보관,P3,737,2135,P,218.3,87.64,"1,31,711,2102",0.727,0.515,고해상도 문짝 분리본으로 애니메이션 재렌더에는 유용하다.,지도 건물로 사용하지 않는다.
assets/illustrations/hanok/gate_door_right.png,구 한옥/UI,한옥 관련 인트로 문짝 소스,production_bundle,direct,소스 보관,P3,737,2135,P,207.7,87.53,"34,29,718,2103",0.766,0.521,좌측과 동일하다.,지도 건물로 사용하지 않는다.
assets/illustrations/hanok/gate_final.png,구 한옥/UI,한옥 관련 구 대문 장면,production_bundle,direct,아카이브,P3,1024,1536,P,648,100,"0,0,1024,1536",0.415,0.615,세로 수채 장면과 다른 시점이라 V2에 섞을 수 없다.,인트로/기록용만.
assets/illustrations/hanok/gate_frame.png,구 한옥/UI,한옥 관련 구 대문 프레임,production_bundle,direct,아카이브,P3,941,1672,P,104.1,34.48,"0,357,941,1447",0.187,0.762,정면 프레임·장식이 강하고 fixed estate 시점과 불일치한다.,V2 참조 금지.
assets/illustrations/hanok/kkeunmari_hero.png,구 한옥/UI,한옥 관련 끝말잇기 히어로,production_bundle,direct,UI 전용 유지,P3,1254,700,RGB,1321.9,100,"0,0,1254,700",0.448,0.699,마스코트 학습 배너로 적합하다.,게임 UI만.
assets/illustrations/hanok/listening_hero.png,구 한옥/UI,한옥 관련 듣기 히어로,production_bundle,direct,UI 전용 유지,P3,1254,700,RGB,1288.5,100,"0,0,1254,700",0.28,0.661,마스코트/처마 배너로 적합하다.,듣기 UI만.
assets/illustrations/hanok/madang(light).png,구 한옥/UI,한옥 관련 세로 마당 UI 배경,production_bundle,direct,UI 전용 유지,P3,848,1854,P,323,100,"0,0,848,1854",0.132,0.94,여백이 많은 세로 UI 배경이지 종가 지도 마당이 아니다.,스크린 배경만.
assets/illustrations/hanok/porch.png,구 한옥/UI,한옥 관련 처마/까치 배너,production_bundle,direct,UI 전용 유지,P3,1254,700,RGB,1335.3,100,"0,0,1254,700",0.248,0.619,배너로는 일관되지만 estate 자산이 아니다.,UI만.
assets/illustrations/hanok/study_classroom.png,구 한옥/UI,한옥 관련 공부방 배너,production_bundle,direct,UI 전용 유지,P3,1254,601,P,457.3,100,"0,0,1254,601",0.412,0.729,평면 그래픽 학습 장면으로 적합하다.,학습 화면만.
assets/illustrations/hanok/study_scholar.png,구 한옥/UI,한옥 관련 선비 공부 배너,production_bundle,direct,UI 전용 유지,P3,1254,680,P,408.1,100,"0,0,1254,680",0.482,0.688,학습 맥락에는 좋다.,학습 화면만.
assets/illustrations/hanok/taego-joy-duo.png,구 한옥/UI,한옥 관련 마스코트 듀오,production_bundle,direct,브랜드 전용 유지,P3,1280,720,P,424.4,100,"0,0,1280,720",0.251,0.832,브랜드 자산이다.,한옥 지도 레이어로 사용하지 않는다.
assets/illustrations/hanok/welcome-hero.png,구 한옥/UI,한옥 관련 환영 히어로,production_bundle,direct,브랜드 전용 유지,P3,1254,1254,RGB,2111.2,100,"0,0,1254,1254",0.355,0.81,캐릭터 선택/환영 포스터에 적합하다.,지도 참조 금지.
assets/illustrations/hanok_stages/stage_beams_light.png,레거시 성장 배너,보·서까래 단계,production_bundle,direct,레거시 UI 유지,P3,841,1870,P,670.8,100,"0,0,841,1870",0.251,0.799,이미 UI 텍스트와 카드가 구워진 장면이라 순수 에셋이 아니다.,현재 학습경로 헤더가 필요하면 유지하되 F-F로 표시하고 V2 생성 참조·합성 입력에서 배제한다.
assets/illustrations/hanok_stages/stage_dancheong_light.png,레거시 성장 배너,단청 단계,production_bundle,direct,레거시만·향후 폐기 후보,P3,841,1870,P,562.9,100,"0,0,841,1870",0.326,0.693,민가 종가의 새 아트 방향과 정면 충돌한다.,현재 학습경로 헤더가 필요하면 유지하되 F-F로 표시하고 V2 생성 참조·합성 입력에서 배제한다.
assets/illustrations/hanok_stages/stage_empty_light.png,레거시 성장 배너,빈 터,production_bundle,direct,레거시 UI 유지,P3,841,1870,P,443.8,100,"0,0,841,1870",0.246,0.759,수직 배너용이며 fixed estate와 다른 지형/카메라다.,현재 학습경로 헤더가 필요하면 유지하되 F-F로 표시하고 V2 생성 참조·합성 입력에서 배제한다.
assets/illustrations/hanok_stages/stage_foundation_light.png,레거시 성장 배너,기초,production_bundle,direct,레거시 UI 유지,P3,841,1870,P,446.7,100,"0,0,841,1870",0.255,0.759,전체 장면 재그림 방식이라 A1 deterministic 체인보다 열등하다.,현재 학습경로 헤더가 필요하면 유지하되 F-F로 표시하고 V2 생성 참조·합성 입력에서 배제한다.
assets/illustrations/hanok_stages/stage_gate_light.png,레거시 성장 배너,대문,production_bundle,direct,레거시 UI 유지,P3,841,1870,P,568.2,100,"0,0,841,1870",0.393,0.668,독립 대문 보상 논리를 강화한다.,현재 학습경로 헤더가 필요하면 유지하되 F-F로 표시하고 V2 생성 참조·합성 입력에서 배제한다.
assets/illustrations/hanok_stages/stage_jongga_light.png,레거시 성장 배너,완성 종가,production_bundle,direct,레거시 UI 유지,P3,841,1870,RGB,2472.4,100,"0,0,841,1870",0.347,0.622,한 화면에 완성 요소가 누적된 구 목표상이다.,현재 학습경로 헤더가 필요하면 유지하되 F-F로 표시하고 V2 생성 참조·합성 입력에서 배제한다.
assets/illustrations/hanok_stages/stage_pillars_light.png,레거시 성장 배너,기둥,production_bundle,direct,레거시 UI 유지,P3,841,1870,P,437.4,100,"0,0,841,1870",0.279,0.739,공정 교육은 가능하나 기하가 A1 체인과 일치하지 않는다.,현재 학습경로 헤더가 필요하면 유지하되 F-F로 표시하고 V2 생성 참조·합성 입력에서 배제한다.
assets/illustrations/hanok_stages/stage_sidebuilding_light.png,레거시 성장 배너,곁채,production_bundle,direct,레거시 UI 유지,P3,841,1870,RGB,2016.4,100,"0,0,841,1870",0.344,0.696,구 수집형 곁채 표현이다.,현재 학습경로 헤더가 필요하면 유지하되 F-F로 표시하고 V2 생성 참조·합성 입력에서 배제한다.
assets/illustrations/hanok_stages/stage_thatch_light.png,레거시 성장 배너,초가지붕,production_bundle,direct,레거시 UI 유지,P3,841,1870,P,548.9,100,"0,0,841,1870",0.353,0.72,현재 기와 종가 성장축과 별도다.,현재 학습경로 헤더가 필요하면 유지하되 F-F로 표시하고 V2 생성 참조·합성 입력에서 배제한다.
assets/illustrations/hanok_stages/stage_tile_complete_light.png,레거시 성장 배너,기와 완성,production_bundle,direct,레거시 UI 유지,P3,841,1870,P,561.8,100,"0,0,841,1870",0.336,0.691,fixed canvas 시공 상태로 재사용 불가.,현재 학습경로 헤더가 필요하면 유지하되 F-F로 표시하고 V2 생성 참조·합성 입력에서 배제한다.
assets/illustrations/hanok_stages/stage_tile_partial_light.png,레거시 성장 배너,기와 부분,production_bundle,direct,레거시 UI 유지,P3,841,1870,P,547.4,100,"0,0,841,1870",0.323,0.708,동일.,현재 학습경로 헤더가 필요하면 유지하되 F-F로 표시하고 V2 생성 참조·합성 입력에서 배제한다.
assets/illustrations/hanok_stages/stage_windows_light.png,레거시 성장 배너,창호,production_bundle,direct,레거시 UI 유지,P3,841,1870,P,606.2,100,"0,0,841,1870",0.344,0.695,동일.,현재 학습경로 헤더가 필요하면 유지하되 F-F로 표시하고 V2 생성 참조·합성 입력에서 배제한다.
assets/illustrations/decorations/decoration_baduk.png,장식·생활 자산,바둑,production_bundle,direct,유지,P1,1330,887,P,444.4,52.63,"37,38,1292,851",0.504,0.396,사랑방 추론·대화 행동 소켓으로 매우 좋다.,"사랑방에만, 사용 장면에서 노출."
assets/illustrations/decorations/decoration_bandaji.png,장식·생활 자산,반닫이,production_bundle,direct,유지·공간 이동,P1,1330,906,P,469.6,71.21,"37,38,1292,869",0.56,0.386,재질은 좋지만 사랑방 기본 세트에 항상 두면 과밀하다.,안방·별당·곳간 중 하나에 배정.
assets/illustrations/decorations/decoration_bangseok_pair.png,장식·생활 자산,방석 두 장,production_bundle,direct,유지,P1,1330,613,P,298.3,56.82,"37,38,1292,576",0.411,0.392,손님 도착/수량·배치 퀘스트에 직접 쓰기 좋다.,사랑방/대청 이벤트 상태.
assets/illustrations/decorations/decoration_boryo_set.png,장식·생활 자산,보료·안석,production_bundle,direct,유지,P1,1330,849,P,508.5,60.66,"36,38,1292,812",0.605,0.457,주인 접객 위치를 명확히 만든다.,사랑방 호스트 소켓 하나.
assets/illustrations/decorations/decoration_byeongpung_small.png,장식·생활 자산,소병풍,production_bundle,direct,유지·선택형,P1,1147,1330,P,847.8,80.18,"37,38,1109,1293",0.556,0.576,절제된 배경 선택으로 좋다.,다른 대형 병풍과 동시 사용 금지.
assets/illustrations/decorations/decoration_chaekgado.png,장식·생활 자산,책가도,production_bundle,direct,유지·공간 제한,P1,495,568,RGBA,354.7,88.46,"15,15,479,553",0.376,0.345,한글소리 고유성이 강하지만 시각 밀도가 높다.,서고 또는 사랑방 한 벽의 선택형 1점.
assets/illustrations/decorations/decoration_chuseok_moon.png,장식·생활 자산,추석 달,production_bundle,direct,조건부,P2,627,627,RGBA,429,29.34,"46,124,599,483",0.083,0.983,역사 지도 자산보다 시즌 UI/하늘 오버레이다.,추석 이벤트에서만.
assets/illustrations/decorations/decoration_deungjan.png,장식·생활 자산,등잔대,production_bundle,direct,유지·조건부,P1,409,1330,P,105.4,32.38,"37,38,371,1293",0.46,0.422,A2 생활화와 야간 상태에 적합하다.,저녁/독서 상태 하나만.
assets/illustrations/decorations/decoration_dokkaebi_fire.png,장식·생활 자산,도깨비불,production_bundle,direct,기본 제외,P2,1254,1254,RGBA,748.7,24.2,"157,81,1118,1110",0.117,0.213,Faceted 스타일은 맞지만 역사적 종가 기본 상태를 판타지화한다.,별도 설화 이벤트에서만.
assets/illustrations/decorations/decoration_doldam.png,장식·생활 자산,돌담,production_bundle,direct,유지·모듈화,P1,1200,200,RGBA,219.5,48.35,"6,24,1194,175",0.178,0.293,인프라 에셋으로 유용하다. 현재 길쭉한 컷아웃은 fixed map 축척 조정이 필요하다.,담장 모듈 세트의 재료로 사용.
assets/illustrations/decorations/decoration_gat_buchae.png,장식·생활 자산,갓·부채,production_bundle,direct,유지·실내 전용,P1,584,1330,RGBA,382,23.33,"38,38,546,1292",0.081,0.073,사랑방 사용자의 흔적을 빠르게 만든다.,"벽/선반/의복 소켓, 세계지도 금지."
assets/illustrations/decorations/decoration_geomungo.png,장식·생활 자산,거문고,production_bundle,direct,유지,P1,1330,598,P,202.3,32.89,"37,38,1292,562",0.41,0.413,풍류·감정·음악 대화 행동 소켓으로 좋다.,사랑방 선택형.
assets/illustrations/decorations/decoration_gobi.png,장식·생활 자산,고비,production_bundle,direct,유지,P1,489,1330,P,334,69.65,"36,38,452,1292",0.512,0.359,편지 읽기/보관 행동과 연결된다.,사랑방 벽 소켓.
assets/illustrations/decorations/decoration_hangeulday_plaque.png,장식·생활 자산,한글날 액자,production_bundle,direct,이벤트 UI 전용,P2,627,418,RGBA,356.5,62.87,"59,45,567,370",0.243,0.739,읽을 수 있는 현대 한글 문구가 고증 공간을 깨뜨린다.,한글날 이벤트/학습 UI에서만.
assets/illustrations/decorations/decoration_hwaro.png,장식·생활 자산,화로,production_bundle,direct,유지·겨울 조건,P1,1330,841,P,443.5,63.39,"36,38,1292,803",0.421,0.345,겨울 생활 상태를 강하게 만든다.,겨울/추운 날만.
assets/illustrations/decorations/decoration_hyangno.png,장식·생활 자산,향로,production_bundle,direct,유지·특별 조건,P1,1330,977,P,393.8,54.15,"37,38,1292,940",0.498,0.394,항상 두면 장식이 과해지지만 특별 접객·의례에는 좋다.,이벤트 상태에서만.
assets/illustrations/decorations/decoration_jagae_mungap.png,장식·생활 자산,자개 문갑,production_bundle,direct,유지·공간 이동,P1,664,356,RGBA,283.3,66.54,"18,18,646,338",0.235,0.24,품질은 좋고 화려하지만 사랑방에 다른 장식과 함께 놓으면 부유함이 잡동사니가 된다.,안방/별당 고급 가구 1점으로 제한.
assets/illustrations/decorations/decoration_jangdokdae.png,장식·생활 자산,장독대 6기,production_bundle,direct,유지·파생,P1,1254,836,P,150,41.96,"107,92,1158,796",0.193,0.748,재질이 좋고 생활경제를 보여주지만 크고 완결된 플랫폼이라 지도에 그대로 놓기 어렵다.,2기/3기 소형 변형을 파생해 안채 뒤·작업마당에 배치.
assets/illustrations/decorations/decoration_kite.png,장식·생활 자산,연,production_bundle,direct,조건부,P2,627,627,RGBA,449,24.14,"150,0,540,627",0.092,0.94,생활 이벤트에는 좋지만 상시 종가 자산은 아니다.,아이/명절/바람 이벤트에서만.
assets/illustrations/decorations/decoration_kkachi_nest.png,장식·생활 자산,까치 둥지,production_bundle,direct,조건부 유지,P1,1254,1004,RGBA,751.5,42.6,"0,0,1254,1004",0.161,0.146,살아 있는 집의 분위기를 만들지만 시각적으로 강하다.,계절/번식 상태 하나만.
assets/illustrations/decorations/decoration_maehwa.png,장식·생활 자산,매화나무,production_bundle,direct,유지·프레이밍,P1,992,1586,P,181.9,23.2,"68,81,950,1485",0.074,0.89,아름다운 영웅 수목이다. 독립 스티커처럼 중앙 배치하면 게임맵 느낌이 강해진다.,후원 화계 또는 화면 가장자리에서 1그루.
assets/illustrations/decorations/decoration_mokchim.png,장식·생활 자산,목침,production_bundle,direct,유지,P1,1330,693,P,336.1,57.07,"37,38,1292,655",0.514,0.361,소박한 휴식 행동 소켓이다.,사랑방/별당 실내.
assets/illustrations/decorations/decoration_munbangsau.png,장식·생활 자산,문방사우,production_bundle,direct,핵심 유지,P1,1128,663,RGBA,699.1,47.76,"32,32,1096,631",0.214,0.16,쓰기 학습을 직접 공간 행동으로 바꾸는 핵심 에셋이다.,서안과 세트로 사랑방 핵심 소켓.
assets/illustrations/decorations/decoration_pond.png,장식·생활 자산,작은 연못,production_bundle,direct,조건부 유지,P1,1254,878,P,166.9,49.29,"751,171,180,755",0.201,0.743,큰 후원 연못보다 적절하지만 연꽃·잉어가 있어 장식성이 강하다.,"후원 선택형 한 개, 화면 10% 미만."
assets/illustrations/decorations/decoration_punggyeong.png,장식·생활 자산,풍경,production_bundle,direct,조건부 유지,P1,821,1916,P,80,16.7,"204,37,627,1863",0.11,0.895,처마 생활감과 소리를 연결할 수 있다.,"누마루/정자/처마 상태, 항상 표시하지 않음."
assets/illustrations/decorations/decoration_pyeonaek.png,장식·생활 자산,편액,production_bundle,direct,유지·개인화,P1,1254,376,P,50.2,70.29,"78,38,1170,345",0.263,0.791,구조를 건드리지 않고 내 집 정체성을 주는 좋은 표면 선택이다.,호/현판 이름 커스터마이즈 소켓.
assets/illustrations/decorations/decoration_sabangtakja.png,장식·생활 자산,사방탁자,production_bundle,direct,핵심 유지,P1,601,1330,P,233.7,51.34,"37,38,563,1292",0.524,0.415,사랑방 전시 소켓으로 정확하고 재질도 정본이다.,백자·향로·책 중 한두 점만 표시.
assets/illustrations/decorations/decoration_sagunja_guk.png,장식·생활 자산,사군자 국화,production_bundle,direct,선택형 유지,P1,405,971,RGBA,548.6,74.06,"50,8,355,963",0.262,0.793,계절/취향 변형에 좋다.,사군자 4종 중 1점만.
assets/illustrations/decorations/decoration_sagunja_juk.png,장식·생활 자산,사군자 대나무,production_bundle,direct,선택형 유지,P1,809,1942,P,285.4,73.42,"98,21,711,1912",0.202,0.818,동일.,사군자 4종 중 1점만.
assets/illustrations/decorations/decoration_sagunja_maehwa.png,장식·생활 자산,사군자 매화,production_bundle,direct,선택형 유지,P1,809,1942,P,288.7,74.55,"21,1,789,1929",0.225,0.825,동일.,사군자 4종 중 1점만.
assets/illustrations/decorations/decoration_sagunja_nan.png,장식·생활 자산,사군자 난초,production_bundle,direct,선택형 유지,P1,809,1942,P,235.7,74.58,"29,0,784,1932",0.206,0.82,동일.,사군자 4종 중 1점만.
assets/illustrations/decorations/decoration_seoan.png,장식·생활 자산,서안,production_bundle,direct,핵심 유지,P1,1330,490,RGBA,484.8,48.33,"38,38,1292,452",0.299,0.21,낮은 책상으로 사랑방 학습 행동의 중심이다.,문방사우와 결합.
assets/illustrations/decorations/decoration_seokdeung.png,장식·생활 자산,석등,production_bundle,direct,희귀/기본 제외,P2,300,650,RGBA,187.9,44.84,"10,6,288,644",0.131,0.246,완성도는 높지만 기본 종가에 상시 놓으면 사찰·정원 장식 느낌이 강해진다.,"희귀 미관 선택 또는 Gye 전용, 기본 지도 제외."
assets/illustrations/decorations/decoration_seollal_flag.png,장식·생활 자산,설날 깃발,production_bundle,direct,이벤트 UI 전용,P2,1254,470,RGBA,576.5,20.73,"349,13,902,454",0.123,0.932,현대 이벤트 표식에 가깝다.,설날 UI/사진모드에서만.
assets/illustrations/decorations/decoration_soban.png,장식·생활 자산,소반,production_bundle,direct,유지,P1,974,667,RGBA,655.7,56.05,"28,28,946,639",0.331,0.257,차·음식·수량·접객 퀘스트에 좋다.,사랑방/안방/대청 장면별 공유.
assets/illustrations/decorations/decoration_sonamu.png,장식·생활 자산,소나무,production_bundle,direct,유지·프레이밍,P1,1024,1536,P,298.2,40.75,"19,66,1014,1433",0.151,0.741,형태가 강하고 고급스럽지만 중앙 스티커 배치는 피해야 한다.,담 너머/누마루 바깥/화면 가장자리 프레임으로 1개.
assets/illustrations/gye/gye_bridge.png,계 공동한옥,석교,production_bundle,direct,Gye 전용 유지,P3,1254,940,P,78,23.27,"3,7,1248,940",0.053,0.134,개념적으로 후원 동선을 보여주지만 개인 한옥의 작은 후원에는 규모와 재질이 맞지 않는다.,직접 재사용/모델 입력 금지. 작은 다리가 정말 필요할 때 기능만 참고.
assets/illustrations/gye/gye_byeoldang.png,계 공동한옥,별당,production_bundle,direct,Gye 전용 유지,P3,1254,1129,P,202.5,46.34,"10,313,311,371,025",0.252,0.179,단일 건물 완성도는 높지만 카메라·단청·축척이 개인 estate와 다르다.,pending 개인 별당 후보를 먼저 검수.
assets/illustrations/gye/gye_garden.png,계 공동한옥,정원 군락,production_bundle,direct,Gye 전용 유지,P3,1254,975,P,303.6,42.16,"64,27,1191,944",0.163,0.211,구성은 예쁘지만 완결 스티커 군락이라 지도에 붙이면 콜라주 느낌이 난다.,영웅 수목+보조 수목 분리 원리만 참고.
assets/illustrations/gye/gye_gate_grand.png,계 공동한옥,대형 대문,production_bundle,direct,개인 지도 사용 금지,P3,1254,975,P,268.6,68.19,"9,30,1240,950",0.38,0.257,과장된 단청과 정면 시점이 사대부 종가 V2에 맞지 않는다.,Gye에서만.
assets/illustrations/gye/gye_haenglangchae.png,계 공동한옥,행랑채,production_bundle,direct,개인 지도 사용 금지,P3,1254,896,P,176.5,48.88,"117,94,1142,818",0.242,0.181,독립 건물 컷아웃으로는 좋지만 production 행랑과 카메라/재질이 다르다.,Gye에서만.
assets/illustrations/gye/gye_jangmyeongdeung_pair.png,계 공동한옥,장명등 한 쌍,production_bundle,direct,개인 기본 지도 제외,P3,1086,1448,P,235.4,33.51,"5,518,110,311,279",0.125,0.16,사찰·정원 장식성이 강하고 쌍으로 놓으면 테마파크화된다.,Gye 또는 특별 이벤트만.
assets/illustrations/gye/gye_jeongja.png,계 공동한옥,정자,production_bundle,direct,개념 참고만,P3,1254,1045,RGBA,1004.7,41.31,"76,51,1181,987",0.211,0.152,사용자 판타지는 충족하지만 단청과 크기가 과하다.,개인 estate용 무단청·간결한 정자를 새로 제작.
assets/illustrations/gye/gye_pond_large.png,계 공동한옥,대형 연못,production_bundle,direct,개인 지도 사용 금지,P3,1254,784,P,192.6,48.67,"26,32,1195,733",0.195,0.209,화면을 지배하는 대형 연못으로 딥리서치가 경고한 방향과 정확히 충돌한다.,Gye에서만.
assets/illustrations/gye/gye_showcase_courtyard.webp,계 공동한옥,완성 쇼케이스,production_bundle,direct,마케팅 전용,P3,1280,720,RGB,187.1,100,"0,0,1280,720",0.298,0.508,한 화면에 건물·연못·장독·동물·정원을 모두 넣은 완성 판타지 이미지다.,"참고/마케팅만, masterplan 정본 금지."
assets/illustrations/hanok_compound/anchae.png,동결 프로토타입,구 compound anchae,repository_unbundled,canonical_status,아카이브·복원 금지,P3,,,,,,,,,현재 production personal_hanok_v2에 대체된 구 프로토타입이며 번들 제외·런타임 참조 0인 F-F 계열이다. 현재 앱 원본과 같은 기준으로 육안 검수할 필요가 없는 폐기 계보다.,git 기록/회귀 참고로만 유지하고 pubspec·카탈로그·생성 참조에 넣지 않는다.
assets/illustrations/hanok_compound/daecheongmaru.png,동결 프로토타입,구 compound daecheongmaru,repository_unbundled,canonical_status,아카이브·복원 금지,P3,,,,,,,,,현재 production personal_hanok_v2에 대체된 구 프로토타입이며 번들 제외·런타임 참조 0인 F-F 계열이다. 현재 앱 원본과 같은 기준으로 육안 검수할 필요가 없는 폐기 계보다.,git 기록/회귀 참고로만 유지하고 pubspec·카탈로그·생성 참조에 넣지 않는다.
assets/illustrations/hanok_compound/haengrangchae.png,동결 프로토타입,구 compound haengrangchae,repository_unbundled,canonical_status,아카이브·복원 금지,P3,,,,,,,,,현재 production personal_hanok_v2에 대체된 구 프로토타입이며 번들 제외·런타임 참조 0인 F-F 계열이다. 현재 앱 원본과 같은 기준으로 육안 검수할 필요가 없는 폐기 계보다.,git 기록/회귀 참고로만 유지하고 pubspec·카탈로그·생성 참조에 넣지 않는다.
assets/illustrations/hanok_compound/sadang.png,동결 프로토타입,구 compound sadang,repository_unbundled,canonical_status,아카이브·복원 금지,P3,,,,,,,,,현재 production personal_hanok_v2에 대체된 구 프로토타입이며 번들 제외·런타임 참조 0인 F-F 계열이다. 현재 앱 원본과 같은 기준으로 육안 검수할 필요가 없는 폐기 계보다.,git 기록/회귀 참고로만 유지하고 pubspec·카탈로그·생성 참조에 넣지 않는다.
assets/illustrations/hanok_compound/sarangchae.png,동결 프로토타입,구 compound sarangchae,repository_unbundled,canonical_status,아카이브·복원 금지,P3,,,,,,,,,현재 production personal_hanok_v2에 대체된 구 프로토타입이며 번들 제외·런타임 참조 0인 F-F 계열이다. 현재 앱 원본과 같은 기준으로 육안 검수할 필요가 없는 폐기 계보다.,git 기록/회귀 참고로만 유지하고 pubspec·카탈로그·생성 참조에 넣지 않는다.
assets/illustrations/hanok_compound/site_base.png,동결 프로토타입,구 compound site_base,repository_unbundled,canonical_status,아카이브·복원 금지,P3,,,,,,,,,현재 production personal_hanok_v2에 대체된 구 프로토타입이며 번들 제외·런타임 참조 0인 F-F 계열이다. 현재 앱 원본과 같은 기준으로 육안 검수할 필요가 없는 폐기 계보다.,git 기록/회귀 참고로만 유지하고 pubspec·카탈로그·생성 참조에 넣지 않는다.
assets/illustrations/hanok_compound/sotdaeulmun.png,동결 프로토타입,구 compound sotdaeulmun,repository_unbundled,canonical_status,아카이브·복원 금지,P3,,,,,,,,,현재 production personal_hanok_v2에 대체된 구 프로토타입이며 번들 제외·런타임 참조 0인 F-F 계열이다. 현재 앱 원본과 같은 기준으로 육안 검수할 필요가 없는 폐기 계보다.,git 기록/회귀 참고로만 유지하고 pubspec·카탈로그·생성 참조에 넣지 않는다.
assets_unused/illustrations/hanok/dancheong_frame.png,미사용 한옥 아카이브,워들 단청 프레임,repository_unbundled,canonical_status,영구 아카이브,P3,,,,,,,,,입력칸과 겹쳐 의도적으로 제거된 UI 프레임이며 종가 V2와 무관하다.,현재 위치 유지. V2 모델 입력 금지.
assets_unused/illustrations/hanok/gate.png,미사용 한옥 아카이브,홈페이지 CTA용 대문,repository_unbundled,canonical_status,웹 전용 보관,P3,,,,,,,,,앱 런타임 참조 0이며 홈페이지 사본이 역할을 대신한다.,현재 위치 유지. V2 모델 입력 금지.
assets_unused/illustrations/hanok/gate_entrance.png,미사용 한옥 아카이브,인트로 영상 키프레임,repository_unbundled,canonical_status,소스 보관,P3,,,,,,,,,완성 영상 재렌더용 원본이며 지도 자산이 아니다.,현재 위치 유지. V2 모델 입력 금지.
assets_unused/illustrations/hanok/madang(dark).png,미사용 한옥 아카이브,다크 마당 배경,repository_unbundled,canonical_status,조건부 보관,P3,,,,,,,,,앱이 라이트 전용이어서 도달 불가하다. V2 masterplan과는 별도 UI 배경이다.,현재 위치 유지. V2 모델 입력 금지.
assets_unused/pending_review/a2_furnishing/cut/decoration_baduk.png,검토대기 A2 가구,A2 가구 cut baduk,pending_review,duplicate_against_bundle,중복 아카이브,P3,,,,,,,,,production decorations의 decoration_baduk.png가 이미 번들되어 있어 런타임 후보로 다시 승격하면 중복·카탈로그 충돌이 난다.,cut/normalized/model_inputs/QA를 제작 기록으로만 보관한다. production 파일을 정본으로 삼는다.
assets_unused/pending_review/a2_furnishing/normalized/decoration_baduk.png,검토대기 A2 가구,A2 가구 normalized baduk,pending_review,pipeline_output,중복 아카이브,P3,,,,,,,,,동일 자산의 정규화 중간 산출물이다. 사용자 보상 자산으로 별도 취급하지 않는다.,제작 파이프라인 기록으로만 유지.
assets_unused/pending_review/a2_furnishing/cut/decoration_bandaji.png,검토대기 A2 가구,A2 가구 cut bandaji,pending_review,duplicate_against_bundle,중복 아카이브,P3,,,,,,,,,production decorations의 decoration_bandaji.png가 이미 번들되어 있어 런타임 후보로 다시 승격하면 중복·카탈로그 충돌이 난다.,cut/normalized/model_inputs/QA를 제작 기록으로만 보관한다. production 파일을 정본으로 삼는다.
assets_unused/pending_review/a2_furnishing/normalized/decoration_bandaji.png,검토대기 A2 가구,A2 가구 normalized bandaji,pending_review,pipeline_output,중복 아카이브,P3,,,,,,,,,동일 자산의 정규화 중간 산출물이다. 사용자 보상 자산으로 별도 취급하지 않는다.,제작 파이프라인 기록으로만 유지.
assets_unused/pending_review/a2_furnishing/cut/decoration_bangseok_pair.png,검토대기 A2 가구,A2 가구 cut bangseok_pair,pending_review,duplicate_against_bundle,중복 아카이브,P3,,,,,,,,,production decorations의 decoration_bangseok_pair.png가 이미 번들되어 있어 런타임 후보로 다시 승격하면 중복·카탈로그 충돌이 난다.,cut/normalized/model_inputs/QA를 제작 기록으로만 보관한다. production 파일을 정본으로 삼는다.
assets_unused/pending_review/a2_furnishing/normalized/decoration_bangseok_pair.png,검토대기 A2 가구,A2 가구 normalized bangseok_pair,pending_review,pipeline_output,중복 아카이브,P3,,,,,,,,,동일 자산의 정규화 중간 산출물이다. 사용자 보상 자산으로 별도 취급하지 않는다.,제작 파이프라인 기록으로만 유지.
assets_unused/pending_review/a2_furnishing/cut/decoration_boryo_set.png,검토대기 A2 가구,A2 가구 cut boryo_set,pending_review,duplicate_against_bundle,중복 아카이브,P3,,,,,,,,,production decorations의 decoration_boryo_set.png가 이미 번들되어 있어 런타임 후보로 다시 승격하면 중복·카탈로그 충돌이 난다.,cut/normalized/model_inputs/QA를 제작 기록으로만 보관한다. production 파일을 정본으로 삼는다.
assets_unused/pending_review/a2_furnishing/normalized/decoration_boryo_set.png,검토대기 A2 가구,A2 가구 normalized boryo_set,pending_review,pipeline_output,중복 아카이브,P3,,,,,,,,,동일 자산의 정규화 중간 산출물이다. 사용자 보상 자산으로 별도 취급하지 않는다.,제작 파이프라인 기록으로만 유지.
assets_unused/pending_review/a2_furnishing/cut/decoration_byeongpung_small.png,검토대기 A2 가구,A2 가구 cut byeongpung_small,pending_review,duplicate_against_bundle,중복 아카이브,P3,,,,,,,,,production decorations의 decoration_byeongpung_small.png가 이미 번들되어 있어 런타임 후보로 다시 승격하면 중복·카탈로그 충돌이 난다.,cut/normalized/model_inputs/QA를 제작 기록으로만 보관한다. production 파일을 정본으로 삼는다.
assets_unused/pending_review/a2_furnishing/normalized/decoration_byeongpung_small.png,검토대기 A2 가구,A2 가구 normalized byeongpung_small,pending_review,pipeline_output,중복 아카이브,P3,,,,,,,,,동일 자산의 정규화 중간 산출물이다. 사용자 보상 자산으로 별도 취급하지 않는다.,제작 파이프라인 기록으로만 유지.
assets_unused/pending_review/a2_furnishing/cut/decoration_deungjan.png,검토대기 A2 가구,A2 가구 cut deungjan,pending_review,duplicate_against_bundle,중복 아카이브,P3,,,,,,,,,production decorations의 decoration_deungjan.png가 이미 번들되어 있어 런타임 후보로 다시 승격하면 중복·카탈로그 충돌이 난다.,cut/normalized/model_inputs/QA를 제작 기록으로만 보관한다. production 파일을 정본으로 삼는다.
assets_unused/pending_review/a2_furnishing/normalized/decoration_deungjan.png,검토대기 A2 가구,A2 가구 normalized deungjan,pending_review,pipeline_output,중복 아카이브,P3,,,,,,,,,동일 자산의 정규화 중간 산출물이다. 사용자 보상 자산으로 별도 취급하지 않는다.,제작 파이프라인 기록으로만 유지.
assets_unused/pending_review/a2_furnishing/cut/decoration_geomungo.png,검토대기 A2 가구,A2 가구 cut geomungo,pending_review,duplicate_against_bundle,중복 아카이브,P3,,,,,,,,,production decorations의 decoration_geomungo.png가 이미 번들되어 있어 런타임 후보로 다시 승격하면 중복·카탈로그 충돌이 난다.,cut/normalized/model_inputs/QA를 제작 기록으로만 보관한다. production 파일을 정본으로 삼는다.
assets_unused/pending_review/a2_furnishing/normalized/decoration_geomungo.png,검토대기 A2 가구,A2 가구 normalized geomungo,pending_review,pipeline_output,중복 아카이브,P3,,,,,,,,,동일 자산의 정규화 중간 산출물이다. 사용자 보상 자산으로 별도 취급하지 않는다.,제작 파이프라인 기록으로만 유지.
assets_unused/pending_review/a2_furnishing/cut/decoration_gobi.png,검토대기 A2 가구,A2 가구 cut gobi,pending_review,duplicate_against_bundle,중복 아카이브,P3,,,,,,,,,production decorations의 decoration_gobi.png가 이미 번들되어 있어 런타임 후보로 다시 승격하면 중복·카탈로그 충돌이 난다.,cut/normalized/model_inputs/QA를 제작 기록으로만 보관한다. production 파일을 정본으로 삼는다.
assets_unused/pending_review/a2_furnishing/normalized/decoration_gobi.png,검토대기 A2 가구,A2 가구 normalized gobi,pending_review,pipeline_output,중복 아카이브,P3,,,,,,,,,동일 자산의 정규화 중간 산출물이다. 사용자 보상 자산으로 별도 취급하지 않는다.,제작 파이프라인 기록으로만 유지.
assets_unused/pending_review/a2_furnishing/cut/decoration_hwaro.png,검토대기 A2 가구,A2 가구 cut hwaro,pending_review,duplicate_against_bundle,중복 아카이브,P3,,,,,,,,,production decorations의 decoration_hwaro.png가 이미 번들되어 있어 런타임 후보로 다시 승격하면 중복·카탈로그 충돌이 난다.,cut/normalized/model_inputs/QA를 제작 기록으로만 보관한다. production 파일을 정본으로 삼는다.
assets_unused/pending_review/a2_furnishing/normalized/decoration_hwaro.png,검토대기 A2 가구,A2 가구 normalized hwaro,pending_review,pipeline_output,중복 아카이브,P3,,,,,,,,,동일 자산의 정규화 중간 산출물이다. 사용자 보상 자산으로 별도 취급하지 않는다.,제작 파이프라인 기록으로만 유지.
assets_unused/pending_review/a2_furnishing/cut/decoration_hyangno.png,검토대기 A2 가구,A2 가구 cut hyangno,pending_review,duplicate_against_bundle,중복 아카이브,P3,,,,,,,,,production decorations의 decoration_hyangno.png가 이미 번들되어 있어 런타임 후보로 다시 승격하면 중복·카탈로그 충돌이 난다.,cut/normalized/model_inputs/QA를 제작 기록으로만 보관한다. production 파일을 정본으로 삼는다.
assets_unused/pending_review/a2_furnishing/normalized/decoration_hyangno.png,검토대기 A2 가구,A2 가구 normalized hyangno,pending_review,pipeline_output,중복 아카이브,P3,,,,,,,,,동일 자산의 정규화 중간 산출물이다. 사용자 보상 자산으로 별도 취급하지 않는다.,제작 파이프라인 기록으로만 유지.
assets_unused/pending_review/a2_furnishing/cut/decoration_mokchim.png,검토대기 A2 가구,A2 가구 cut mokchim,pending_review,duplicate_against_bundle,중복 아카이브,P3,,,,,,,,,production decorations의 decoration_mokchim.png가 이미 번들되어 있어 런타임 후보로 다시 승격하면 중복·카탈로그 충돌이 난다.,cut/normalized/model_inputs/QA를 제작 기록으로만 보관한다. production 파일을 정본으로 삼는다.
assets_unused/pending_review/a2_furnishing/normalized/decoration_mokchim.png,검토대기 A2 가구,A2 가구 normalized mokchim,pending_review,pipeline_output,중복 아카이브,P3,,,,,,,,,동일 자산의 정규화 중간 산출물이다. 사용자 보상 자산으로 별도 취급하지 않는다.,제작 파이프라인 기록으로만 유지.
assets_unused/pending_review/a2_furnishing/cut/decoration_sabangtakja.png,검토대기 A2 가구,A2 가구 cut sabangtakja,pending_review,duplicate_against_bundle,중복 아카이브,P3,,,,,,,,,production decorations의 decoration_sabangtakja.png가 이미 번들되어 있어 런타임 후보로 다시 승격하면 중복·카탈로그 충돌이 난다.,cut/normalized/model_inputs/QA를 제작 기록으로만 보관한다. production 파일을 정본으로 삼는다.
assets_unused/pending_review/a2_furnishing/normalized/decoration_sabangtakja.png,검토대기 A2 가구,A2 가구 normalized sabangtakja,pending_review,pipeline_output,중복 아카이브,P3,,,,,,,,,동일 자산의 정규화 중간 산출물이다. 사용자 보상 자산으로 별도 취급하지 않는다.,제작 파이프라인 기록으로만 유지.
assets_unused/pending_review/a2_furnishing/cut/decoration_soban_v2.png,검토대기 A2 가구,A2 가구 cut soban_v2,pending_review,duplicate_against_bundle,중복 아카이브,P3,,,,,,,,,production decorations의 decoration_soban.png가 이미 번들되어 있어 런타임 후보로 다시 승격하면 중복·카탈로그 충돌이 난다.,cut/normalized/model_inputs/QA를 제작 기록으로만 보관한다. production 파일을 정본으로 삼는다.
assets_unused/pending_review/a2_furnishing/normalized/decoration_soban_v2.png,검토대기 A2 가구,A2 가구 normalized soban_v2,pending_review,pipeline_output,중복 아카이브,P3,,,,,,,,,동일 자산의 정규화 중간 산출물이다. 사용자 보상 자산으로 별도 취급하지 않는다.,제작 파이프라인 기록으로만 유지.
assets_unused/pending_review/a2_furnishing/model_inputs/a2_style_ref_sheet_v1.png,검토대기 A2 가구,스타일 참조 시트,pending_review,pipeline_reference,정본 참조 유지,P3,,,,,,,,,F-A 생성 재현을 위한 참조 시트다. 런타임 에셋이 아니다.,STYLE_LOCK의 F-A 입력으로만 사용하고 앱 번들에는 넣지 않는다.
assets_unused/pending_review/a2_furnishing/model_inputs/a2_style_ref_sheet_v1_400.webp,검토대기 A2 가구,스타일 참조 시트,pending_review,pipeline_reference,정본 참조 유지,P3,,,,,,,,,F-A 생성 재현을 위한 참조 시트다. 런타임 에셋이 아니다.,STYLE_LOCK의 F-A 입력으로만 사용하고 앱 번들에는 넣지 않는다.
assets_unused/pending_review/asset_recipe/decoration_baekja_byeong/decoration_baekja_byeong_cut.png,검토대기 신규 소품,백자병,pending_review,needs_direct_visual_qa,검수 후 조건부 승격,P2,,,,,,,,,사랑방 사방탁자/서고의 단일 진열품으로 적합한 후보. 파일은 현재 앱 번들 밖이므로 픽셀 수준 최종 승인은 별도 육안 QA가 필요하다.,"사랑방/서고. 한 화면에 도자기 1점만. STYLE_LOCK F-A, alpha, 색상, 그림자, 크기 검사를 통과한 뒤 원장 append→카탈로그→번들 순서로 승격."
assets_unused/pending_review/asset_recipe/decoration_baekja_byeong/decoration_baekja_byeong_raw.png,검토대기 신규 소품,백자병 raw,pending_review,pipeline_source,소스 보관,P3,,,,,,,,,생성 원본으로 런타임 사용 대상이 아니다.,cut 승인 여부와 무관하게 provenance용으로만 유지.
assets_unused/pending_review/asset_recipe/decoration_boseokham/decoration_boseokham_cut.png,검토대기 신규 소품,보석함,pending_review,needs_direct_visual_qa,검수 후 선택 승격,P2,,,,,,,,,안방·별당의 고급 수납 후보이나 자개함과 역할이 겹친다. 파일은 현재 앱 번들 밖이므로 픽셀 수준 최종 승인은 별도 육안 QA가 필요하다.,"jagaeham과 둘 중 하나만 채택. STYLE_LOCK F-A, alpha, 색상, 그림자, 크기 검사를 통과한 뒤 원장 append→카탈로그→번들 순서로 승격."
assets_unused/pending_review/asset_recipe/decoration_boseokham/decoration_boseokham_raw.png,검토대기 신규 소품,보석함 raw,pending_review,pipeline_source,소스 보관,P3,,,,,,,,,생성 원본으로 런타임 사용 대상이 아니다.,cut 승인 여부와 무관하게 provenance용으로만 유지.
assets_unused/pending_review/asset_recipe/decoration_gyeongdae/decoration_gyeongdae_cut.png,검토대기 신규 소품,경대,pending_review,needs_direct_visual_qa,검수 후 우선 승격,P1,,,,,,,,,안방 기능을 명확히 만드는 현재 부족 자산이다. 파일은 현재 앱 번들 밖이므로 픽셀 수준 최종 승인은 별도 육안 QA가 필요하다.,"안방 전용. STYLE_LOCK F-A, alpha, 색상, 그림자, 크기 검사를 통과한 뒤 원장 append→카탈로그→번들 순서로 승격."
assets_unused/pending_review/asset_recipe/decoration_gyeongdae/decoration_gyeongdae_raw.png,검토대기 신규 소품,경대 raw,pending_review,pipeline_source,소스 보관,P3,,,,,,,,,생성 원본으로 런타임 사용 대상이 아니다.,cut 승인 여부와 무관하게 provenance용으로만 유지.
assets_unused/pending_review/asset_recipe/decoration_jagaeham/decoration_jagaeham_cut.png,검토대기 신규 소품,자개함,pending_review,needs_direct_visual_qa,검수 후 선택 승격,P2,,,,,,,,,안방·별당의 고급 표면 선택에 맞는다. 파일은 현재 앱 번들 밖이므로 픽셀 수준 최종 승인은 별도 육안 QA가 필요하다.,"boseokham과 동시 기본 노출 금지. STYLE_LOCK F-A, alpha, 색상, 그림자, 크기 검사를 통과한 뒤 원장 append→카탈로그→번들 순서로 승격."
assets_unused/pending_review/asset_recipe/decoration_jagaeham/decoration_jagaeham_raw.png,검토대기 신규 소품,자개함 raw,pending_review,pipeline_source,소스 보관,P3,,,,,,,,,생성 원본으로 런타임 사용 대상이 아니다.,cut 승인 여부와 무관하게 provenance용으로만 유지.
assets_unused/pending_review/asset_recipe/decoration_jangmokbi/decoration_jangmokbi_cut.png,검토대기 신규 소품,장목비,pending_review,needs_direct_visual_qa,낮은 우선순위·보류,P1,,,,,,,,,단독 보상으로는 서사적 힘이 약하고 공간 소속이 모호하다. 파일은 현재 앱 번들 밖이므로 픽셀 수준 최종 승인은 별도 육안 QA가 필요하다.,"몸단장/하인 작업 퀘스트가 생길 때만. STYLE_LOCK F-A, alpha, 색상, 그림자, 크기 검사를 통과한 뒤 원장 append→카탈로그→번들 순서로 승격."
assets_unused/pending_review/asset_recipe/decoration_jangmokbi/decoration_jangmokbi_raw.png,검토대기 신규 소품,장목비 raw,pending_review,pipeline_source,소스 보관,P3,,,,,,,,,생성 원본으로 런타임 사용 대상이 아니다.,cut 승인 여부와 무관하게 provenance용으로만 유지.
assets_unused/pending_review/asset_recipe/decoration_manggeontong/decoration_manggeontong_cut.png,검토대기 신규 소품,망건통,pending_review,needs_direct_visual_qa,검수 후 승격,P2,,,,,,,,,사랑방 남성 복식·생활 흔적을 만들기 좋다. 파일은 현재 앱 번들 밖이므로 픽셀 수준 최종 승인은 별도 육안 QA가 필요하다.,"사랑방 선반/사방탁자. STYLE_LOCK F-A, alpha, 색상, 그림자, 크기 검사를 통과한 뒤 원장 append→카탈로그→번들 순서로 승격."
assets_unused/pending_review/asset_recipe/decoration_manggeontong/decoration_manggeontong_raw.png,검토대기 신규 소품,망건통 raw,pending_review,pipeline_source,소스 보관,P3,,,,,,,,,생성 원본으로 런타임 사용 대상이 아니다.,cut 승인 여부와 무관하게 provenance용으로만 유지.
assets_unused/pending_review/asset_recipe/decoration_mukpodo_byeongpung/decoration_mukpodo_byeongpung_cut.png,검토대기 신규 소품,묵포도 병풍,pending_review,needs_direct_visual_qa,검수 후 선택 승격,P2,,,,,,,,,사랑방·별당의 고급 병풍 선택으로 좋지만 다른 병풍과 동시에 쓰면 과밀하다. 파일은 현재 앱 번들 밖이므로 픽셀 수준 최종 승인은 별도 육안 QA가 필요하다.,"병풍 슬롯 1개 선택형. STYLE_LOCK F-A, alpha, 색상, 그림자, 크기 검사를 통과한 뒤 원장 append→카탈로그→번들 순서로 승격."
assets_unused/pending_review/asset_recipe/decoration_mukpodo_byeongpung/decoration_mukpodo_byeongpung_raw.png,검토대기 신규 소품,묵포도 병풍 raw,pending_review,pipeline_source,소스 보관,P3,,,,,,,,,생성 원본으로 런타임 사용 대상이 아니다.,cut 승인 여부와 무관하게 provenance용으로만 유지.
assets_unused/pending_review/asset_recipe/decoration_yakjang/decoration_yakjang_cut.png,검토대기 신규 소품,약장,pending_review,needs_direct_visual_qa,맥락 확정 후 승격,P2,,,,,,,,,일반 사랑방 장식보다 의료·생활 서사가 필요하다. 파일은 현재 앱 번들 밖이므로 픽셀 수준 최종 승인은 별도 육안 QA가 필요하다.,"별당/서비스/약방 퀘스트가 생긴 뒤. STYLE_LOCK F-A, alpha, 색상, 그림자, 크기 검사를 통과한 뒤 원장 append→카탈로그→번들 순서로 승격."
assets_unused/pending_review/asset_recipe/decoration_yakjang/decoration_yakjang_raw.png,검토대기 신규 소품,약장 raw,pending_review,pipeline_source,소스 보관,P3,,,,,,,,,생성 원본으로 런타임 사용 대상이 아니다.,cut 승인 여부와 무관하게 provenance용으로만 유지.
assets_unused/pending_review/asset_recipe/decoration_yeonsang/decoration_yeonsang_cut.png,검토대기 신규 소품,연상,pending_review,needs_direct_visual_qa,검수 후 우선 승격,P1,,,,,,,,,문방사우·서안과 연결되는 핵심 학문 행동 자산이다. 파일은 현재 앱 번들 밖이므로 픽셀 수준 최종 승인은 별도 육안 QA가 필요하다.,"사랑방 핵심 소켓. STYLE_LOCK F-A, alpha, 색상, 그림자, 크기 검사를 통과한 뒤 원장 append→카탈로그→번들 순서로 승격."
assets_unused/pending_review/asset_recipe/decoration_yeonsang/decoration_yeonsang_raw.png,검토대기 신규 소품,연상 raw,pending_review,pipeline_source,소스 보관,P3,,,,,,,,,생성 원본으로 런타임 사용 대상이 아니다.,cut 승인 여부와 무관하게 provenance용으로만 유지.
assets_unused/pending_review/estate_overlays/cut/a2_chimney_smoke.png,검토대기 외관 오버레이,굴뚝 연기,pending_review,candidate_metadata_and_qa,승격 권장,P1,,,,,,,,,큰 실루엣을 바꾸지 않고 집이 살아 있음을 보여주는 좋은 ambience다.,추운 날/아침 조건에서 하나만 표시.
assets_unused/pending_review/estate_overlays/cut/a2_jangdok_big.png,검토대기 외관 오버레이,큰 장독,pending_review,candidate_metadata_and_qa,보류,P1,,,,,,,,,기존 장독대와 중복되며 지도 기본 줌에서는 과대할 가능성이 있다.,small과 실측 비교 후 필요 없으면 폐기.
assets_unused/pending_review/estate_overlays/cut/a2_jangdok_small.png,검토대기 외관 오버레이,작은 장독,pending_review,candidate_metadata_and_qa,승격 권장,P1,,,,,,,,,첫 장독 생활 흔적으로 적절하다.,안채 뒤/작업마당 candidate A에 배치.
assets_unused/pending_review/estate_overlays/cut/a2_lantern_lit.png,검토대기 외관 오버레이,켜진 등롱,pending_review,candidate_metadata_and_qa,승격 권장,P1,,,,,,,,,야간 생활감을 최소 오브젝트로 만든다.,"사랑채 1개 또는 대문 1개, 동시 다수 금지."
assets_unused/pending_review/estate_overlays/cut/a2_ridge_magpie.png,검토대기 외관 오버레이,용마루 까치,pending_review,candidate_metadata_and_qa,승격 권장,P1,,,,,,,,,한글소리 마스코트 세계관과 살아 있는 종가를 연결한다.,"조건부 1마리, 상시 여러 마리 금지."
assets_unused/pending_review/estate_overlays/qa/jangdok_candidate_A_anchae_courtyard.png,검토대기 오버레이 QA,장독 배치 QA,pending_review,qa_composite,채택 방향,P1,,,,,,,,,장독의 역사적·시각적 소속이 안채 뒤/인접 영역에 맞는다.,A안을 기준으로 좌표 고정. B안은 rejected 폴더로 이동.
assets_unused/pending_review/estate_overlays/qa/jangdok_candidate_A_anchae_courtyard_layer_only.png,검토대기 오버레이 QA,장독 배치 QA,pending_review,qa_composite,채택 방향,P1,,,,,,,,,A안의 투명 레이어 버전.,A안을 기준으로 좌표 고정. B안은 rejected 폴더로 이동.
assets_unused/pending_review/estate_overlays/qa/jangdok_candidate_B_sarangmadang.png,검토대기 오버레이 QA,장독 배치 QA,pending_review,qa_composite,기각 방향,P1,,,,,,,,,사랑마당을 비워야 하는 masterplan과 충돌한다.,A안을 기준으로 좌표 고정. B안은 rejected 폴더로 이동.
assets_unused/pending_review/estate_overlays/qa/jangdok_candidate_B_sarangmadang_layer_only.png,검토대기 오버레이 QA,장독 배치 QA,pending_review,qa_composite,기각 방향,P1,,,,,,,,,B안의 투명 레이어 버전.,A안을 기준으로 좌표 고정. B안은 rejected 폴더로 이동.
assets_unused/pending_review/estate_overlays/raw/exterior_props_sheet_v1.png,검토대기 외관 오버레이,외관 소품 원본 시트,pending_review,pipeline_source,소스 보관,P3,,,,,,,,,컷아웃 전 생성 시트로 런타임 대상이 아니다.,provenance/재컷용만.
assets_unused/pending_review/estate_overlays/raw/exterior_props_sheet_v2.png,검토대기 외관 오버레이,외관 소품 원본 시트,pending_review,pipeline_source,소스 보관,P3,,,,,,,,,컷아웃 전 생성 시트로 런타임 대상이 아니다.,provenance/재컷용만.
assets_unused/pending_review/estate_stages/anchae/anchae_frame_aligned.png,검토대기 지도·시공,안채 정렬 골조,pending_review,pipeline_or_duplicate,소스 유지,P2,,,,,,,,,골조 정렬용 중간 산출물.,"런타임은 s2_frame 사용, 정렬 회귀용만."
assets_unused/pending_review/estate_stages/anchae/anchae_s1_platform.png,검토대기 지도·시공,안채 기단 후보,pending_review,pipeline_or_duplicate,중복 정본화,P1,,,,,,,,,production s1과 동일 체인 후보.,해시/픽셀 비교 후 한 파일만 남긴다.
assets_unused/pending_review/estate_stages/anchae/anchae_s2_frame.png,검토대기 지도·시공,안채 골조 후보,pending_review,pipeline_or_duplicate,중복 정본화,P1,,,,,,,,,production s2와 동일 체인 후보.,한 파일만 정본.
assets_unused/pending_review/estate_stages/anchae/anchae_s3_roof.png,검토대기 지도·시공,안채 지붕 후보,pending_review,pipeline_or_duplicate,중복 정본화,P1,,,,,,,,,production s3와 동일 체인 후보.,한 파일만 정본.
assets_unused/pending_review/estate_stages/anchae/anchae_s4_final.png,검토대기 지도·시공,안채 최종 단계,pending_review,needs_direct_visual_qa,승격 권장,P1,,,,,,,,,현재 production 체인에 빠진 최종 상태다.,renderer 배선과 같은 커밋으로 승격.
assets_unused/pending_review/estate_stages/byeoldang/cut/byeoldang_finished.png,검토대기 지도·시공,별당 완성 후보,pending_review,needs_direct_visual_qa,육안 QA 후 보류/승격,P2,,,,,,,,,이미 만들어진 최종 후보이므로 재생성 금지.,masterplan V2 위치·축척을 먼저 고정한 뒤 스타일/카메라/겹침 검수.
assets_unused/pending_review/estate_stages/byeoldang/raw/byeoldang_finished_raw.jpg,검토대기 지도·시공,별당 raw,pending_review,needs_direct_visual_qa,소스 보관,P3,,,,,,,,,생성 원본.,provenance만.
assets_unused/pending_review/estate_stages/byeoldang/rejected/byeoldang_try1_floating_roof_gvi_pu1lcj.png,검토대기 지도·시공,별당 실패 1,pending_review,pipeline_or_duplicate,영구 기각,P3,,,,,,,,,floating roof 결함이 파일명에 명시된 실패본.,"rejected 유지, 모델 입력 금지."
assets_unused/pending_review/estate_stages/byeoldang/rejected/byeoldang_try2_rotated_camera_4638a3ae.png,검토대기 지도·시공,별당 실패 2,pending_review,pipeline_or_duplicate,영구 기각,P3,,,,,,,,,카메라 회전 결함이 명시된 실패본.,"rejected 유지, 모델 입력 금지."
assets_unused/pending_review/estate_stages/daecheongmaru/daecheongmaru_s1_platform.png,검토대기 지도·시공,독립 대청 기단 후보,pending_review,pipeline_or_duplicate,아카이브,P3,,,,,,,,,세계지도 대청 제거 방향과 충돌.,런타임 미승격.
assets_unused/pending_review/estate_stages/daecheongmaru/daecheongmaru_s2_frame.png,검토대기 지도·시공,독립 대청 골조 후보,pending_review,pipeline_or_duplicate,아카이브,P3,,,,,,,,,동일.,런타임 미승격.
assets_unused/pending_review/estate_stages/daecheongmaru/daecheongmaru_s3_final.png,검토대기 지도·시공,독립 대청 완성 후보,pending_review,needs_direct_visual_qa,아카이브/정자 참고 금지에 가깝게,P3,,,,,,,,,현재 작은 독립 대청 실루엣을 완성하는 자산이지만 masterplan에서는 불필요.,내부 venue로 분류하고 지도 체인은 닫는다.
assets_unused/pending_review/estate_stages/haengrangchae/haengrangchae_frame_aligned.png,검토대기 지도·시공,행랑 정렬 골조,pending_review,pipeline_or_duplicate,소스 유지,P2,,,,,,,,,정렬 중간 산출물.,회귀용만.
assets_unused/pending_review/estate_stages/haengrangchae/haengrangchae_s1_foundation.png,검토대기 지도·시공,행랑 기단 후보,pending_review,pipeline_or_duplicate,중복 정본화,P1,,,,,,,,,production s1과 동일 체인.,해시 비교 후 정본 1개.
assets_unused/pending_review/estate_stages/haengrangchae/haengrangchae_s2_frame.png,검토대기 지도·시공,행랑 골조 후보,pending_review,pipeline_or_duplicate,중복 정본화,P1,,,,,,,,,production s2와 동일 체인.,정본 1개.
assets_unused/pending_review/estate_stages/haengrangchae/haengrangchae_s3_roof.png,검토대기 지도·시공,행랑 지붕 후보,pending_review,pipeline_or_duplicate,중복 정본화,P1,,,,,,,,,production s3와 동일 체인.,정본 1개.
assets_unused/pending_review/estate_stages/haengrangchae/haengrangchae_s4_final.png,검토대기 지도·시공,행랑 최종 단계,pending_review,needs_direct_visual_qa,승격 권장,P1,,,,,,,,,현재 체인에 빠진 완성 상태다.,renderer 배선과 함께 승격.
assets_unused/pending_review/estate_stages/rear_garden/rear_garden_s1_hardscape.png,검토대기 지도·시공,후원 경질경관 후보,pending_review,pipeline_or_duplicate,교체,P1,,,,,,,,,거대 정원 전제의 중간 단계.,V2 화계/석축 모듈로 대체.
assets_unused/pending_review/estate_stages/rear_garden/rear_garden_s2_bridge.png,검토대기 지도·시공,후원 다리 후보,pending_review,pipeline_or_duplicate,조건부 아카이브,P2,,,,,,,,,큰 연못을 요구한다.,작은 연못 설계 확정 전 미승격.
assets_unused/pending_review/estate_stages/rear_garden/rear_garden_s3_final.png,검토대기 지도·시공,후원 최종 후보,pending_review,needs_direct_visual_qa,런타임 퇴역,P0,,,,,,,,,현재 과밀 rear_garden 메가 레이어의 최종 상태다.,분해 후 새 모듈로 대체.
assets_unused/pending_review/estate_stages/sadang/sadang_frame_aligned.png,검토대기 지도·시공,사당 정렬 골조,pending_review,pipeline_or_duplicate,소스 유지,P2,,,,,,,,,정렬 중간 산출물.,회귀용만.
assets_unused/pending_review/estate_stages/sadang/sadang_s1_platform.png,검토대기 지도·시공,사당 기단 후보,pending_review,pipeline_or_duplicate,중복 정본화,P1,,,,,,,,,production s1과 동일 체인.,정본 1개.
assets_unused/pending_review/estate_stages/sadang/sadang_s2_frame_roof.png,검토대기 지도·시공,사당 골조 후보,pending_review,pipeline_or_duplicate,중복 정본화,P1,,,,,,,,,production s2와 동일 체인.,정본 1개.
assets_unused/pending_review/estate_stages/sadang/sadang_s3_final.png,검토대기 지도·시공,사당 최종 단계,pending_review,needs_direct_visual_qa,승격 권장,P1,,,,,,,,,현재 체인에 빠진 완성 상태다.,사당담/일각문과 함께 배선.
assets_unused/pending_review/estate_stages/seogo/cut/seogo_finished.png,검토대기 지도·시공,서고 완성 후보,pending_review,needs_direct_visual_qa,육안 QA 후 보류/승격,P2,,,,,,,,,이미 생성 완료된 후보라 재생성하면 안 된다.,독립 서고가 필요한지 사랑채 wing으로 통합할지 masterplan 확정 후 검수.
assets_unused/pending_review/estate_stages/seogo/raw/seogo_finished_raw.png,검토대기 지도·시공,서고 raw,pending_review,needs_direct_visual_qa,소스 보관,P3,,,,,,,,,생성 원본.,provenance만.
assets_unused/pending_review/estate_stages/sotdaeulmun/sotdaeulmun_frame_aligned.png,검토대기 지도·시공,대문 정렬 골조,pending_review,pipeline_or_duplicate,소스 유지,P2,,,,,,,,,정렬 중간 산출물.,회귀용만.
assets_unused/pending_review/estate_stages/sotdaeulmun/sotdaeulmun_s1_platform.png,검토대기 지도·시공,대문 기단 후보,pending_review,pipeline_or_duplicate,중복 정본화,P1,,,,,,,,,production s1과 동일 체인.,정본 1개.
assets_unused/pending_review/estate_stages/sotdaeulmun/sotdaeulmun_s2_frame_roof.png,검토대기 지도·시공,대문 골조 후보,pending_review,pipeline_or_duplicate,중복 정본화,P1,,,,,,,,,production s2와 동일 체인.,정본 1개.
assets_unused/pending_review/estate_stages/sotdaeulmun/sotdaeulmun_s3_final.png,검토대기 지도·시공,대문 최종 단계,pending_review,needs_direct_visual_qa,승격 권장,P1,,,,,,,,,현재 체인에 빠진 완성 상태다.,문 열림 상태/담 접속과 함께 배선.
assets_unused/pending_review/estate_stages/anchae/raw/anchae_edit_base.jpg,검토대기 지도·시공,건축 편집 원본,pending_review,pipeline_source,소스 보관,P3,,,,,,,,,완성 에셋 역분해/정렬을 재현하기 위한 원본이다.,"런타임·pubspec 제외, provenance만."
assets_unused/pending_review/estate_stages/anchae/raw/anchae_frame_raw.png,검토대기 지도·시공,건축 편집 원본,pending_review,pipeline_source,소스 보관,P3,,,,,,,,,완성 에셋 역분해/정렬을 재현하기 위한 원본이다.,"런타임·pubspec 제외, provenance만."
assets_unused/pending_review/estate_stages/haengrangchae/raw/haengrangchae_edit_base.jpg,검토대기 지도·시공,건축 편집 원본,pending_review,pipeline_source,소스 보관,P3,,,,,,,,,완성 에셋 역분해/정렬을 재현하기 위한 원본이다.,"런타임·pubspec 제외, provenance만."
assets_unused/pending_review/estate_stages/haengrangchae/raw/haengrangchae_frame_raw.png,검토대기 지도·시공,건축 편집 원본,pending_review,pipeline_source,소스 보관,P3,,,,,,,,,완성 에셋 역분해/정렬을 재현하기 위한 원본이다.,"런타임·pubspec 제외, provenance만."
assets_unused/pending_review/estate_stages/sadang/raw/sadang_edit_base.jpg,검토대기 지도·시공,건축 편집 원본,pending_review,pipeline_source,소스 보관,P3,,,,,,,,,완성 에셋 역분해/정렬을 재현하기 위한 원본이다.,"런타임·pubspec 제외, provenance만."
assets_unused/pending_review/estate_stages/sadang/raw/sadang_frame_raw.png,검토대기 지도·시공,건축 편집 원본,pending_review,pipeline_source,소스 보관,P3,,,,,,,,,완성 에셋 역분해/정렬을 재현하기 위한 원본이다.,"런타임·pubspec 제외, provenance만."
assets_unused/pending_review/estate_stages/sotdaeulmun/raw/sotdaeulmun_edit_base.jpg,검토대기 지도·시공,건축 편집 원본,pending_review,pipeline_source,소스 보관,P3,,,,,,,,,완성 에셋 역분해/정렬을 재현하기 위한 원본이다.,"런타임·pubspec 제외, provenance만."
assets_unused/pending_review/estate_stages/sotdaeulmun/raw/sotdaeulmun_frame_raw.png,검토대기 지도·시공,건축 편집 원본,pending_review,pipeline_source,소스 보관,P3,,,,,,,,,완성 에셋 역분해/정렬을 재현하기 위한 원본이다.,"런타임·pubspec 제외, provenance만."
assets_unused/pending_review/reference_full_estate.png,검토대기 QA,완성형 대조 이미지,pending_review,qa_reference,QA 전용,P3,,,,,,,,,런타임이 아니라 사람이 레이어 합성을 비교하는 참조 이미지다.,“완성 예시 보기” 기능이 생기기 전에는 번들 금지.
assets_unused/pending_review/estate_scale_study/estate_scale_mockup_2026-08-19.png,검토대기 QA,축척 목업,pending_review,qa_reference,QA 전용,P1,,,,,,,,,masterplan과 건물 축척을 판단하기 위한 목업이다.,"새 배치 승인 회의 자료로만 사용, 런타임 금지."
