"order","level","unitId","unitCanDoKo","chapterId","chapterSequence","stageId","assetPath","sha256","bytes","sourceCatalog","sourceRoot","mappingStatus"
"1","a1","a1_01_greetings_hangul","처음 만난 사람에게 인사하고 짧은 질문을 확인할 수 있어요.","site","1","site-01","assets/illustrations/personal_hanok_v3/construction/site/stage_01_neglected.png","4713d1580448cb3c1b8ba1b4445223183eb7d52bb50d752b3f8abe45bbefbc32","3189478","assets/data/ildu_settlement_construction_v1.json","C:\dev\hangulsori\ko_lernen_app_worktrees\toilet-store-wall-plan-20260914","unit_allocated_assessment_unreviewed"
"2","a1","a1_01_greetings_hangul","처음 만난 사람에게 인사하고 짧은 질문을 확인할 수 있어요.","site","2","site-02","assets/illustrations/personal_hanok_v3/construction/site/stage_02_debris_cleared.png","7f1e21c2d0698b1c5d3d019ee5bc28eb6ab6dc7be3548752b0a720474eb0e2f9","2984389","assets/data/ildu_settlement_construction_v1.json","C:\dev\hangulsori\ko_lernen_app_worktrees\toilet-store-wall-plan-20260914","unit_allocated_assessment_unreviewed"
"3","a1","a1_02_self_intro_identity","이름과 출신을 말하고 상대 이름을 확인할 수 있어요.","site","3","site-03","assets/illustrations/personal_hanok_v3/construction/site/stage_03_weeded.png","33406c8d27d5f3549e26d867a96e712628bd0a5ec9f20e2609fe9e095be2429f","2822129","assets/data/ildu_settlement_construction_v1.json","C:\dev\hangulsori\ko_lernen_app_worktrees\toilet-store-wall-plan-20260914","unit_allocated_assessment_unreviewed"
"4","a1","a1_02_self_intro_identity","이름과 출신을 말하고 상대 이름을 확인할 수 있어요.","site","4","site-04","assets/illustrations/personal_hanok_v3/construction/site/stage_04_levelled.png","bc030a7b1077e8bc0abb5bb87a3ca794ffe35d4d11024a506421ef7ffceb8222","3052555","assets/data/ildu_settlement_construction_v1.json","C:\dev\hangulsori\ko_lernen_app_worktrees\toilet-store-wall-plan-20260914","unit_allocated_assessment_unreviewed"
"5","a1","a1_02_self_intro_identity","이름과 출신을 말하고 상대 이름을 확인할 수 있어요.","site","5","site-05","assets/illustrations/personal_hanok_v3/construction/site/stage_05_compacted.png","a5829624ecaced0933640e6c7d233cd2f308c8d1d14759767d10d01f14815f9c","2440137","assets/data/ildu_settlement_construction_v1.json","C:\dev\hangulsori\ko_lernen_app_worktrees\toilet-store-wall-plan-20260914","unit_allocated_assessment_unreviewed"
"6","a1","a1_03_topic_subject_particles","찾는 물건의 이름을 말하고 어디 있는지 물을 수 있어요.","site","6","site-06","assets/illustrations/personal_hanok_v3/construction/site/stage_06_boundary_layout.png","b4183605314ff6e6915e50688f849f5d12f8003d80eaa50b059c20eca0212d98","2120476","assets/data/ildu_settlement_construction_v1.json","C:\dev\hangulsori\ko_lernen_app_worktrees\toilet-store-wall-plan-20260914","unit_allocated_assessment_unreviewed"
"7","a1","a1_03_topic_subject_particles","찾는 물건의 이름을 말하고 어디 있는지 물을 수 있어요.","wall","1","wall-01","assets/illustrations/personal_hanok_v3/construction/wall/stage_01_footing_trench.png","b17b2137aebb727e833312b56e5cd835f46117bc474eb9f7f02d22b4d23e2ded","2317526","assets/data/ildu_settlement_construction_v1.json","C:\dev\hangulsori\ko_lernen_app_worktrees\toilet-store-wall-plan-20260914","unit_allocated_assessment_unreviewed"
"8","a1","a1_04_order_request_object","원하는 음식과 수량을 말해 주문할 수 있어요.","wall","2","wall-02","assets/illustrations/personal_hanok_v3/construction/wall/stage_02_base_stones.png","7d8a2c966abbf80222d5c836575facbe68a1edb891dd4e0ab2c61061388c32c9","2200497","assets/data/ildu_settlement_construction_v1.json","C:\dev\hangulsori\ko_lernen_app_worktrees\toilet-store-wall-plan-20260914","unit_allocated_assessment_unreviewed"
"9","a1","a1_04_order_request_object","원하는 음식과 수량을 말해 주문할 수 있어요.","wall","3","wall-03","assets/illustrations/personal_hanok_v3/construction/wall/stage_03_corners.png","bd08613d9b0c810c2c67b4d4ca1e578db04d67b2ae1191f3d3021a799aab301c","2125197","assets/data/ildu_settlement_construction_v1.json","C:\dev\hangulsori\ko_lernen_app_worktrees\toilet-store-wall-plan-20260914","unit_allocated_assessment_unreviewed"
"10","a1","a1_04_order_request_object","원하는 음식과 수량을 말해 주문할 수 있어요.","wall","4","wall-04","assets/illustrations/personal_hanok_v3/construction/wall/stage_04_two_faces.png","559074233cab03f6bfc097a7c9da12c492b6ecd07093f0c2eeee28e0efeb97b6","2198196","assets/data/ildu_settlement_construction_v1.json","C:\dev\hangulsori\ko_lernen_app_worktrees\toilet-store-wall-plan-20260914","unit_allocated_assessment_unreviewed"
"11","a1","a1_05_numbers_time","약속 시간을 묻고 맞는 시간을 다시 확인할 수 있어요.","wall","5","wall-05","assets/illustrations/personal_hanok_v3/construction/wall/stage_05_core_fill.png","dd072ae7083c4ff4c01b06ba55f6093ba4e25352fed76a42ade970d5cf7327a3","2077814","assets/data/ildu_settlement_construction_v1.json","C:\dev\hangulsori\ko_lernen_app_worktrees\toilet-store-wall-plan-20260914","unit_allocated_assessment_unreviewed"
"12","a1","a1_05_numbers_time","약속 시간을 묻고 맞는 시간을 다시 확인할 수 있어요.","wall","6","wall-06","assets/illustrations/personal_hanok_v3/construction/wall/stage_06_full_height.png","9eaaf8c0cbac1bbfb5ef59dac0d9dbaeb5a527bbc48be8efc1ddf9d953d1aa20","2156633","assets/data/ildu_settlement_construction_v1.json","C:\dev\hangulsori\ko_lernen_app_worktrees\toilet-store-wall-plan-20260914","unit_allocated_assessment_unreviewed"
"13","a1","a1_05_numbers_time","약속 시간을 묻고 맞는 시간을 다시 확인할 수 있어요.","wall","7","wall-07","assets/illustrations/personal_hanok_v3/construction/wall/stage_07_cap_bed.png","81d3b9bb52b6db52ab07edc49c33e33116dff06f6dc647bdb0784f93351b1d6c","2003913","assets/data/ildu_settlement_construction_v1.json","C:\dev\hangulsori\ko_lernen_app_worktrees\toilet-store-wall-plan-20260914","unit_allocated_assessment_unreviewed"
"14","a1","a1_06_transport_directions","택시나 대중교통에서 내릴 곳을 짧게 말할 수 있어요.","wall","8","wall-08","assets/illustrations/personal_hanok_v3/construction/wall/stage_08_complete.png","93e575deef4951f48ce1221a5e4da45447f4a833ddf9b2915cbf8dc1db217fae","2091584","assets/data/ildu_settlement_construction_v1.json","C:\dev\hangulsori\ko_lernen_app_worktrees\toilet-store-wall-plan-20260914","unit_allocated_assessment_unreviewed"
"15","a1","a1_06_transport_directions","택시나 대중교통에서 내릴 곳을 짧게 말할 수 있어요.","sotdaeulmun","1","sotdaeulmun-01","assets/illustrations/personal_hanok_v3/construction/sotdaeulmun/01_site.png","7eae718ee27b8784805c1e05f75a4320cce17dbce6005b1be16e7150d12224be","1107083","assets/data/ildu_settlement_construction_v1.json","C:\dev\hangulsori\ko_lernen_app_worktrees\toilet-store-wall-plan-20260914","unit_allocated_assessment_unreviewed"
"16","a1","a1_07_contact_address","카카오톡 같은 연락 방법을 묻고 간단히 확인할 수 있어요.","sotdaeulmun","2","sotdaeulmun-02","assets/illustrations/personal_hanok_v3/construction/sotdaeulmun/02_foundation.png","8cbd0214b1df9c909231c562ea9b4beb08f9ee0350f3735c1bdd57124a18cd84","1079962","assets/data/ildu_settlement_construction_v1.json","C:\dev\hangulsori\ko_lernen_app_worktrees\toilet-store-wall-plan-20260914","unit_allocated_assessment_unreviewed"
"17","a1","a1_07_contact_address","카카오톡 같은 연락 방법을 묻고 간단히 확인할 수 있어요.","sotdaeulmun","3","sotdaeulmun-03","assets/illustrations/personal_hanok_v3/construction/sotdaeulmun/03_posts.png","3e5b851444c0acf313376872b33bf06be67fba7135360c5c21101c5bf8baa7ab","1219328","assets/data/ildu_settlement_construction_v1.json","C:\dev\hangulsori\ko_lernen_app_worktrees\toilet-store-wall-plan-20260914","unit_allocated_assessment_unreviewed"
"18","a1","a1_07_contact_address","카카오톡 같은 연락 방법을 묻고 간단히 확인할 수 있어요.","sotdaeulmun","4","sotdaeulmun-04","assets/illustrations/personal_hanok_v3/construction/sotdaeulmun/04_beams.png","49f134ca67c76431bf7e7f86e7161a9fb6855b6d769c1b1e528c21e62fcc3c4a","1585597","assets/data/ildu_settlement_construction_v1.json","C:\dev\hangulsori\ko_lernen_app_worktrees\toilet-store-wall-plan-20260914","unit_allocated_assessment_unreviewed"
"19","a1","a1_08_clarify_repair","못 들은 말이나 숫자를 다시 말해 달라고 할 수 있어요.","sotdaeulmun","5","sotdaeulmun-05","assets/illustrations/personal_hanok_v3/construction/sotdaeulmun/05_rafters.png","b801938a0aa10c16046e2e414ede89e6c090f2a44ee0de6e4068546635d5b3a4","1646410","assets/data/ildu_settlement_construction_v1.json","C:\dev\hangulsori\ko_lernen_app_worktrees\toilet-store-wall-plan-20260914","unit_allocated_assessment_unreviewed"
"20","a1","a1_08_clarify_repair","못 들은 말이나 숫자를 다시 말해 달라고 할 수 있어요.","sotdaeulmun","6","sotdaeulmun-06","assets/illustrations/personal_hanok_v3/construction/sotdaeulmun/06_roof_bed.png","954018872f24fd3353be227d243feb425613b5be6d940f6a48ba6a1ac5fb7238","1650566","assets/data/ildu_settlement_construction_v1.json","C:\dev\hangulsori\ko_lernen_app_worktrees\toilet-store-wall-plan-20260914","unit_allocated_assessment_unreviewed"
"21","a1","a1_08_clarify_repair","못 들은 말이나 숫자를 다시 말해 달라고 할 수 있어요.","sotdaeulmun","7","sotdaeulmun-07","assets/illustrations/personal_hanok_v3/construction/sotdaeulmun/07_roof_tiles.png","6a552f45dcfa1b3f508d187a37c0667ab50180c35d1dc4624ab8c01660cd284e","1612446","assets/data/ildu_settlement_construction_v1.json","C:\dev\hangulsori\ko_lernen_app_worktrees\toilet-store-wall-plan-20260914","unit_allocated_assessment_unreviewed"
"22","a1","a1_09_home_daily_life","집에서 필요한 물건이 어디 있는지 묻고 답할 수 있어요.","sotdaeulmun","8","sotdaeulmun-08","assets/illustrations/personal_hanok_v3/construction/sotdaeulmun/08_floors.png","f32764ca9c3fe43d4d69b251e02af1c7ec9717a63cb5b716466e79f9559bed97","1655108","assets/data/ildu_settlement_construction_v1.json","C:\dev\hangulsori\ko_lernen_app_worktrees\toilet-store-wall-plan-20260914","unit_allocated_assessment_unreviewed"
"23","a1","a1_09_home_daily_life","집에서 필요한 물건이 어디 있는지 묻고 답할 수 있어요.","sotdaeulmun","9","sotdaeulmun-09","assets/illustrations/personal_hanok_v3/construction/sotdaeulmun/09_walls.png","4f0c779fbe6b07ce5b7a56d2eb7c713e5ed997683dbd4e725cb71c172d6b44cc","1738616","assets/data/ildu_settlement_construction_v1.json","C:\dev\hangulsori\ko_lernen_app_worktrees\toilet-store-wall-plan-20260914","unit_allocated_assessment_unreviewed"
"24","a1","a1_10_health_safety","작은 실수에 바로 사과하고 상대가 괜찮은지 물을 수 있어요.","sotdaeulmun","10","sotdaeulmun-10","assets/illustrations/personal_hanok_v3/construction/sotdaeulmun/10_doors.png","02fa8fbe1a096a3c8bbd519fc5940db29a1d93404e6c450455bb59c0caa41570","1650916","assets/data/ildu_settlement_construction_v1.json","C:\dev\hangulsori\ko_lernen_app_worktrees\toilet-store-wall-plan-20260914","unit_allocated_assessment_unreviewed"
"25","a1","a1_10_health_safety","작은 실수에 바로 사과하고 상대가 괜찮은지 물을 수 있어요.","sotdaeulmun","11","sotdaeulmun-11","assets/illustrations/personal_hanok_v3/construction/sotdaeulmun/11_identity.png","e91bf5efdf2cd1be19f6e991611dcd207234e0141040c93bc8d1a96bbf604701","1639964","assets/data/ildu_settlement_construction_v1.json","C:\dev\hangulsori\ko_lernen_app_worktrees\toilet-store-wall-plan-20260914","unit_allocated_assessment_unreviewed"
"26","a1","a1_10_health_safety","작은 실수에 바로 사과하고 상대가 괜찮은지 물을 수 있어요.","sotdaeulmun","12","sotdaeulmun-12","assets/illustrations/personal_hanok_v3/construction/sotdaeulmun/12_complete.png","85e660cb6628042ee6249cc849f390356a2c586bd7c056e183d6101617181d44","1594929","assets/data/ildu_settlement_construction_v1.json","C:\dev\hangulsori\ko_lernen_app_worktrees\toilet-store-wall-plan-20260914","unit_allocated_assessment_unreviewed"
"27","a1","a1_11_titles_relationships","좋아하는 음악이나 콘텐츠를 짧게 묻고 답할 수 있어요.","sarangchae","1","sarangchae-site","assets/illustrations/personal_hanok_v3/sarangchae/stage_01_site.png","5ed4923fba1894427d3aa34699a62a3469c090f04bc89da2af3ebb654ff47727","1585510","assets/data/sarangchae_construction_v3.json","C:\dev\hangulsori\ko_lernen_app","unit_allocated_assessment_unreviewed"
"28","a1","a1_11_titles_relationships","좋아하는 음악이나 콘텐츠를 짧게 묻고 답할 수 있어요.","sarangchae","2","sarangchae-foundation","assets/illustrations/personal_hanok_v3/sarangchae/stage_02_foundation.png","3b328c697cf1bd570dfed11098246a566a6cc44be372e720b558d9759ffc834a","1656482","assets/data/sarangchae_construction_v3.json","C:\dev\hangulsori\ko_lernen_app","unit_allocated_assessment_unreviewed"
"29","a1","a1_12_daily_negation","원하는 메뉴가 있는지 묻고 없으면 다른 것을 고를 수 있어요.","sarangchae","3","sarangchae-choseok","assets/illustrations/personal_hanok_v3/sarangchae/stage_03_choseok.png","20d0a220fca2e59081524c9cdd4dee4235b50e198c15ffa7d4e9b5c7e161f337","1685987","assets/data/sarangchae_construction_v3.json","C:\dev\hangulsori\ko_lernen_app","unit_allocated_assessment_unreviewed"
"30","a1","a1_12_daily_negation","원하는 메뉴가 있는지 묻고 없으면 다른 것을 고를 수 있어요.","sarangchae","4","sarangchae-fitting","assets/illustrations/personal_hanok_v3/sarangchae/stage_04_fitting.png","dfae617098b905d18d83918af8679b5c9011e543daed43548f2b320b32a7b5f1","1715042","assets/data/sarangchae_construction_v3.json","C:\dev\hangulsori\ko_lernen_app","unit_allocated_assessment_unreviewed"
"31","a1","a1_12_daily_negation","원하는 메뉴가 있는지 묻고 없으면 다른 것을 고를 수 있어요.","sarangchae","5","sarangchae-columns","assets/illustrations/personal_hanok_v3/sarangchae/stage_05_columns.png","0f5e796fdc46c27a3d89007c2822c68513c925202b14a0d7257ff01132d589c7","1775293","assets/data/sarangchae_construction_v3.json","C:\dev\hangulsori\ko_lernen_app","unit_allocated_assessment_unreviewed"
"32","a1","a1_13_register_switching","같은 뜻이 친한 말과 공손한 말에서 어떻게 들리는지 구별할 수 있어요.","sarangchae","6","sarangchae-beams","assets/illustrations/personal_hanok_v3/sarangchae/stage_06_beams.png","4f51ff202300881ed9f7a50196ef0e075d329f28f940b6e7c3b4fec497661b8a","1899721","assets/data/sarangchae_construction_v3.json","C:\dev\hangulsori\ko_lernen_app","unit_allocated_assessment_unreviewed"
"33","a1","a1_13_register_switching","같은 뜻이 친한 말과 공손한 말에서 어떻게 들리는지 구별할 수 있어요.","sarangchae","7","sarangchae-purlins","assets/illustrations/personal_hanok_v3/sarangchae/stage_07_purlins.png","a25f87e0ab56884c0b6988bfbcb0a5e8b4e13c1ba0de4e91cd82f708a7c5ffa6","1957033","assets/data/sarangchae_construction_v3.json","C:\dev\hangulsori\ko_lernen_app","unit_allocated_assessment_unreviewed"
"34","a1","a1_13_register_switching","같은 뜻이 친한 말과 공손한 말에서 어떻게 들리는지 구별할 수 있어요.","sarangchae","8","sarangchae-rafters","assets/illustrations/personal_hanok_v3/sarangchae/stage_08_rafters.png","81e68c58d5d342bef0e5849dae38bfc6f5483d436140cc6615c492d3119dcd10","2116848","assets/data/sarangchae_construction_v3.json","C:\dev\hangulsori\ko_lernen_app","unit_allocated_assessment_unreviewed"
"35","a1","a1_14_payment_delivery","봉투처럼 필요한 것과 필요 없는 것을 짧게 말할 수 있어요.","sarangchae","9","sarangchae-decking","assets/illustrations/personal_hanok_v3/sarangchae/stage_09_decking.png","60ffa4184d6d947c83f479e681395f764dbd28ffa7384acdc72dc42bc929bb26","2026194","assets/data/sarangchae_construction_v3.json","C:\dev\hangulsori\ko_lernen_app","unit_allocated_assessment_unreviewed"
"36","a1","a1_14_payment_delivery","봉투처럼 필요한 것과 필요 없는 것을 짧게 말할 수 있어요.","sarangchae","10","sarangchae-earth-roof","assets/illustrations/personal_hanok_v3/sarangchae/stage_10_earth_roof.png","21db199864dc73d585872030c23be876caedccc2b9078a0a1e658721eee57c4e","2067248","assets/data/sarangchae_construction_v3.json","C:\dev\hangulsori\ko_lernen_app","unit_allocated_assessment_unreviewed"
"37","a1","a1_15_first_class_work","첫 수업에서 인사하고 기본 정보를 주고받을 수 있어요.","sarangchae","11","sarangchae-tiles","assets/illustrations/personal_hanok_v3/sarangchae/stage_11_tiles.png","4cf7a5138c09244559b41148b81924b53458872975c549d934b4910a56872474","2100803","assets/data/sarangchae_construction_v3.json","C:\dev\hangulsori\ko_lernen_app","unit_allocated_assessment_unreviewed"
"38","a1","a1_15_first_class_work","첫 수업에서 인사하고 기본 정보를 주고받을 수 있어요.","sarangchae","12","sarangchae-walls","assets/illustrations/personal_hanok_v3/sarangchae/stage_12_walls.png","79959bd0f0885612c95021e8e359dbbd162eef32f2d2fd8cb3f3c8043ade46b2","2096304","assets/data/sarangchae_construction_v3.json","C:\dev\hangulsori\ko_lernen_app","unit_allocated_assessment_unreviewed"
"39","a1","a1_15_first_class_work","첫 수업에서 인사하고 기본 정보를 주고받을 수 있어요.","sarangchae","13","sarangchae-ondol","assets/illustrations/personal_hanok_v3/sarangchae/stage_13_ondol.png","b3225234ca637a26978a1f1fc5545db7d5cbc1816be4448010fc90ee84e75899","2108299","assets/data/sarangchae_construction_v3.json","C:\dev\hangulsori\ko_lernen_app","unit_allocated_assessment_unreviewed"
"40","a1","a1_16_survival_capstone","익숙한 하루 계획에서 시간과 필요한 물건을 확인할 수 있어요.","sarangchae","14","sarangchae-maru","assets/illustrations/personal_hanok_v3/sarangchae/stage_14_maru.png","bb5d353c95c9db07c95fe8b43a3c0023886b7da98b7d01fc0b3c007747b402aa","2174873","assets/data/sarangchae_construction_v3.json","C:\dev\hangulsori\ko_lernen_app","unit_allocated_assessment_unreviewed"
"41","a1","a1_16_survival_capstone","익숙한 하루 계획에서 시간과 필요한 물건을 확인할 수 있어요.","sarangchae","15","sarangchae-changho","assets/illustrations/personal_hanok_v3/sarangchae/stage_15_changho.png","dc07735943c511bb25c27aba9b25ddc4555b0f319291966b35e3ccc5246e158a","2247497","assets/data/sarangchae_construction_v3.json","C:\dev\hangulsori\ko_lernen_app","unit_allocated_assessment_unreviewed"
"42","a1","a1_16_survival_capstone","익숙한 하루 계획에서 시간과 필요한 물건을 확인할 수 있어요.","sarangchae","16","sarangchae-complete","assets/illustrations/personal_hanok_v3/sarangchae/stage_16_complete.png","f917724120d4080d7c004b65dc51a9c336fcfbccdb9997e830de06ead1bcfc1a","2328995","assets/data/sarangchae_construction_v3.json","C:\dev\hangulsori\ko_lernen_app","unit_allocated_assessment_unreviewed"
"43","a2","a2_01_haeyo_transition","좋아하는 콘텐츠와 그 이유 하나를 자연스럽게 말할 수 있어요.","toilet","1","toilet-01","assets/illustrations/personal_hanok_v3/construction/toilet/stage_01_layout.png","bf7c018b551754e863ff64791f0f68724416e2aa2855490a0216ad80adce76d1","1332304","assets/data/ildu_settlement_construction_v1.json","C:\dev\hangulsori\ko_lernen_app_worktrees\toilet-store-wall-plan-20260914","unit_allocated_assessment_unreviewed"
"44","a2","a2_01_haeyo_transition","좋아하는 콘텐츠와 그 이유 하나를 자연스럽게 말할 수 있어요.","toilet","2","toilet-02","assets/illustrations/personal_hanok_v3/construction/toilet/stage_02_foundations.png","b74dbcbd76962658b5a0230e151012cf76fb87fd1b075634141d5be36ae8c951","1320342","assets/data/ildu_settlement_construction_v1.json","C:\dev\hangulsori\ko_lernen_app_worktrees\toilet-store-wall-plan-20260914","unit_allocated_assessment_unreviewed"
"45","a2","a2_01_haeyo_transition","좋아하는 콘텐츠와 그 이유 하나를 자연스럽게 말할 수 있어요.","toilet","3","toilet-03","assets/illustrations/personal_hanok_v3/construction/toilet/stage_03_posts.png","388a353656e468610ea3439153a19ff043332d320b826c544bf40f9193eb1851","1498535","assets/data/ildu_settlement_construction_v1.json","C:\dev\hangulsori\ko_lernen_app_worktrees\toilet-store-wall-plan-20260914","unit_allocated_assessment_unreviewed"
"46","a2","a2_01_haeyo_transition","좋아하는 콘텐츠와 그 이유 하나를 자연스럽게 말할 수 있어요.","toilet","4","toilet-04","assets/illustrations/personal_hanok_v3/construction/toilet/stage_04_beams.png","f900dcd493bc4035b6bf2097d1dba113c0071784e6cf47dc9bdef55d2d6ce501","1519893","assets/data/ildu_settlement_construction_v1.json","C:\dev\hangulsori\ko_lernen_app_worktrees\toilet-store-wall-plan-20260914","unit_allocated_assessment_unreviewed"
"47","a2","a2_02_plans_proposals","약속을 제안하고 한 가지 이유를 들은 뒤 다른 날로 바꿀 수 있어요.","toilet","5","toilet-05","assets/illustrations/personal_hanok_v3/construction/toilet/stage_05_roof_frame.png","e7354cb4d4731f28bd68af7e0ec9bed154bceb4e3adb2f5fd04f1f63cb1be52f","1708754","assets/data/ildu_settlement_construction_v1.json","C:\dev\hangulsori\ko_lernen_app_worktrees\toilet-store-wall-plan-20260914","unit_allocated_assessment_unreviewed"
"48","a2","a2_02_plans_proposals","약속을 제안하고 한 가지 이유를 들은 뒤 다른 날로 바꿀 수 있어요.","toilet","6","toilet-06","assets/illustrations/personal_hanok_v3/construction/toilet/stage_06_rafters.png","8b64e956108d4a8f005c0e4ea8c04bd69c68573480509d24f264dae5a4fd0dc3","1833387","assets/data/ildu_settlement_construction_v1.json","C:\dev\hangulsori\ko_lernen_app_worktrees\toilet-store-wall-plan-20260914","unit_allocated_assessment_unreviewed"
"49","a2","a2_02_plans_proposals","약속을 제안하고 한 가지 이유를 들은 뒤 다른 날로 바꿀 수 있어요.","toilet","7","toilet-07","assets/illustrations/personal_hanok_v3/construction/toilet/stage_07_roof_bed.png","324722cd4865575379f200387584eb7af92ad62295625b58c157ff8cd2219fe6","1806895","assets/data/ildu_settlement_construction_v1.json","C:\dev\hangulsori\ko_lernen_app_worktrees\toilet-store-wall-plan-20260914","unit_allocated_assessment_unreviewed"
"50","a2","a2_02_plans_proposals","약속을 제안하고 한 가지 이유를 들은 뒤 다른 날로 바꿀 수 있어요.","toilet","8","toilet-08","assets/illustrations/personal_hanok_v3/construction/toilet/stage_08_tiles.png","1b03eb7792171c853d2889456949f5ad7c9f3454845c31e5dc432234ea6c7a98","1800836","assets/data/ildu_settlement_construction_v1.json","C:\dev\hangulsori\ko_lernen_app_worktrees\toilet-store-wall-plan-20260914","unit_allocated_assessment_unreviewed"
"51","a2","a2_02_plans_proposals","약속을 제안하고 한 가지 이유를 들은 뒤 다른 날로 바꿀 수 있어요.","toilet","9","toilet-09","assets/illustrations/personal_hanok_v3/construction/toilet/stage_09_floor.png","72e4b8616b7afe99155eeea3baee3565ed0c98e2279012ee587d03dc082e4de0","1819688","assets/data/ildu_settlement_construction_v1.json","C:\dev\hangulsori\ko_lernen_app_worktrees\toilet-store-wall-plan-20260914","unit_allocated_assessment_unreviewed"
"52","a2","a2_03_chat_relationships","늦거나 계획이 바뀐 이유와 예상 시간을 알려 줄 수 있어요.","toilet","10","toilet-10","assets/illustrations/personal_hanok_v3/construction/toilet/stage_10_walls.png","737c2fd3932334c5412f15a61e1725ba18cbff68533971c56a8a87eb00b94d84","1830413","assets/data/ildu_settlement_construction_v1.json","C:\dev\hangulsori\ko_lernen_app_worktrees\toilet-store-wall-plan-20260914","unit_allocated_assessment_unreviewed"
"53","a2","a2_03_chat_relationships","늦거나 계획이 바뀐 이유와 예상 시간을 알려 줄 수 있어요.","toilet","11","toilet-11","assets/illustrations/personal_hanok_v3/construction/toilet/stage_11_door.png","631ac16dda6b7ecd154300a21c454158ccce65c31063d199dc668fd67f45056d","1815034","assets/data/ildu_settlement_construction_v1.json","C:\dev\hangulsori\ko_lernen_app_worktrees\toilet-store-wall-plan-20260914","unit_allocated_assessment_unreviewed"
"54","a2","a2_03_chat_relationships","늦거나 계획이 바뀐 이유와 예상 시간을 알려 줄 수 있어요.","toilet","12","toilet-12","assets/illustrations/personal_hanok_v3/construction/toilet/stage_12_complete.png","bde2af8fb1cef2095e2ef897a9dce4c65fab2ba7bcfe306a99995f9c0366207d","1345725","assets/data/ildu_settlement_construction_v1.json","C:\dev\hangulsori\ko_lernen_app_worktrees\toilet-store-wall-plan-20260914","unit_allocated_assessment_unreviewed"
"55","a2","a2_03_chat_relationships","늦거나 계획이 바뀐 이유와 예상 시간을 알려 줄 수 있어요.","gokgan","1","gokgan-01","assets/illustrations/personal_hanok_v3/construction/gokgan/stage_01_layout.png","ebd4dfd0f75b8f188c62d541ad43bf419668e4d5808fd89f330ec5bd1e506969","1715605","assets/data/ildu_settlement_construction_v1.json","C:\dev\hangulsori\ko_lernen_app_worktrees\toilet-store-wall-plan-20260914","unit_allocated_assessment_unreviewed"
"56","a2","a2_04_feelings_health","익숙한 증상이나 감정을 말하고 필요한 도움을 확인할 수 있어요.","gokgan","2","gokgan-02","assets/illustrations/personal_hanok_v3/construction/gokgan/stage_02_foundations.png","3976c990af1ca9d275f9558f15bde9e27a896e65a42e607a0cb078707feb1312","1591577","assets/data/ildu_settlement_construction_v1.json","C:\dev\hangulsori\ko_lernen_app_worktrees\toilet-store-wall-plan-20260914","unit_allocated_assessment_unreviewed"
"57","a2","a2_04_feelings_health","익숙한 증상이나 감정을 말하고 필요한 도움을 확인할 수 있어요.","gokgan","3","gokgan-03","assets/illustrations/personal_hanok_v3/construction/gokgan/stage_03_posts.png","218deb191530ae8698aaad4111b4db333c272625824e053c4c13ee97623f02c9","1670233","assets/data/ildu_settlement_construction_v1.json","C:\dev\hangulsori\ko_lernen_app_worktrees\toilet-store-wall-plan-20260914","unit_allocated_assessment_unreviewed"
"58","a2","a2_04_feelings_health","익숙한 증상이나 감정을 말하고 필요한 도움을 확인할 수 있어요.","gokgan","4","gokgan-04","assets/illustrations/personal_hanok_v3/construction/gokgan/stage_04_beams.png","a355d5ec60382c00a36bdcd3a5fece717d17618fb94b63ea8202446410fc0492","1724515","assets/data/ildu_settlement_construction_v1.json","C:\dev\hangulsori\ko_lernen_app_worktrees\toilet-store-wall-plan-20260914","unit_allocated_assessment_unreviewed"
"59","a2","a2_04_feelings_health","익숙한 증상이나 감정을 말하고 필요한 도움을 확인할 수 있어요.","gokgan","5","gokgan-05","assets/illustrations/personal_hanok_v3/construction/gokgan/stage_05_roof_frame.png","7578a94e397767e81823c7da2c0e28b313d9c29d7ecc62b1c72b6d002969a6c6","1783359","assets/data/ildu_settlement_construction_v1.json","C:\dev\hangulsori\ko_lernen_app_worktrees\toilet-store-wall-plan-20260914","unit_allocated_assessment_unreviewed"
"60","a2","a2_04_feelings_health","익숙한 증상이나 감정을 말하고 필요한 도움을 확인할 수 있어요.","gokgan","6","gokgan-06","assets/illustrations/personal_hanok_v3/construction/gokgan/stage_06_rafters.png","87ae27d31c683da6b9248008321e6497b9b7ae2c07497cefdd39038f63894abb","2035189","assets/data/ildu_settlement_construction_v1.json","C:\dev\hangulsori\ko_lernen_app_worktrees\toilet-store-wall-plan-20260914","unit_allocated_assessment_unreviewed"
"61","a2","a2_05_delivery_services","상품이나 배송 문제를 간단한 이유와 함께 설명하고 해결을 요청할 수 있어요.","gokgan","7","gokgan-07","assets/illustrations/personal_hanok_v3/construction/gokgan/stage_07_roof_bed.png","1c2b3889148930fec8f2e4365ebdd39057d5c7533d66b667b0ed4c0d319f06c5","2047012","assets/data/ildu_settlement_construction_v1.json","C:\dev\hangulsori\ko_lernen_app_worktrees\toilet-store-wall-plan-20260914","unit_allocated_assessment_unreviewed"
"62","a2","a2_05_delivery_services","상품이나 배송 문제를 간단한 이유와 함께 설명하고 해결을 요청할 수 있어요.","gokgan","8","gokgan-08","assets/illustrations/personal_hanok_v3/construction/gokgan/stage_08_tiles.png","76fc3f686fdf98cf76b4539071ac3dd24ba0eee3920a7f46df5354b3c685eda5","2138931","assets/data/ildu_settlement_construction_v1.json","C:\dev\hangulsori\ko_lernen_app_worktrees\toilet-store-wall-plan-20260914","unit_allocated_assessment_unreviewed"
"63","a2","a2_05_delivery_services","상품이나 배송 문제를 간단한 이유와 함께 설명하고 해결을 요청할 수 있어요.","gokgan","9","gokgan-09","assets/illustrations/personal_hanok_v3/construction/gokgan/stage_09_floor.png","3ca5a1c93456485a89900b3277a2fb3691e93721b8f9623111ce29ab990d4828","2091844","assets/data/ildu_settlement_construction_v1.json","C:\dev\hangulsori\ko_lernen_app_worktrees\toilet-store-wall-plan-20260914","unit_allocated_assessment_unreviewed"
"64","a2","a2_05_delivery_services","상품이나 배송 문제를 간단한 이유와 함께 설명하고 해결을 요청할 수 있어요.","gokgan","10","gokgan-10","assets/illustrations/personal_hanok_v3/construction/gokgan/stage_10_walls.png","49845705fc9b2d4777910fd7fdcc1fcdffddcd0def771dfeae9511adf36ce8e5","2199519","assets/data/ildu_settlement_construction_v1.json","C:\dev\hangulsori\ko_lernen_app_worktrees\toilet-store-wall-plan-20260914","unit_allocated_assessment_unreviewed"
"65","a2","a2_06_study_work","준비물이나 파일을 빠뜨린 실수를 인정하고 다음 행동을 말할 수 있어요.","gokgan","11","gokgan-11","assets/illustrations/personal_hanok_v3/construction/gokgan/stage_11_doors.png","564dc5d7d322511baff9eaac2e95328207f33461fcf55b6ff0514fb87add34a7","2259623","assets/data/ildu_settlement_construction_v1.json","C:\dev\hangulsori\ko_lernen_app_worktrees\toilet-store-wall-plan-20260914","unit_allocated_assessment_unreviewed"
"66","a2","a2_06_study_work","준비물이나 파일을 빠뜨린 실수를 인정하고 다음 행동을 말할 수 있어요.","gokgan","12","gokgan-12","assets/illustrations/personal_hanok_v3/construction/gokgan/stage_12_complete.png","5bc7dc87c578e6dd8b578aa516caa93a265d035bb21325ff10658382c1343406","2237369","assets/data/ildu_settlement_construction_v1.json","C:\dev\hangulsori\ko_lernen_app_worktrees\toilet-store-wall-plan-20260914","unit_allocated_assessment_unreviewed"
"67","a2","a2_06_study_work","준비물이나 파일을 빠뜨린 실수를 인정하고 다음 행동을 말할 수 있어요.","jungmunganchae","1","jungmunganchae-site-route","assets/illustrations/personal_hanok_v3/construction/jungmunganchae/stage_01_site_route.png","21b75324e6dc098e4327b4ee88f24a77c81f11691b003ea9c88ba9cd6146ddf9","1467666","assets/data/ildu_construction_art_v1.json","C:\dev\hangulsori\ko_lernen_app","unit_allocated_assessment_unreviewed"
"68","a2","a2_06_study_work","준비물이나 파일을 빠뜨린 실수를 인정하고 다음 행동을 말할 수 있어요.","jungmunganchae","2","jungmunganchae-stone-foundation","assets/illustrations/personal_hanok_v3/construction/jungmunganchae/stage_02_stone_foundation.png","8033e02f3876d19a062bbf4747d871af6423b4a1bd57089201a92e11bd0342a3","1740792","assets/data/ildu_construction_art_v1.json","C:\dev\hangulsori\ko_lernen_app","unit_allocated_assessment_unreviewed"
"69","a2","a2_06_study_work","준비물이나 파일을 빠뜨린 실수를 인정하고 다음 행동을 말할 수 있어요.","jungmunganchae","3","jungmunganchae-posts","assets/illustrations/personal_hanok_v3/construction/jungmunganchae/stage_03_posts.png","9b9055d2dfecb8df71a0d46c2f7d0c6c612247d7148ceea6e14875a36c06df64","1827273","assets/data/ildu_construction_art_v1.json","C:\dev\hangulsori\ko_lernen_app","unit_allocated_assessment_unreviewed"
"70","a2","a2_07_travel_repair","이동 중 불편하거나 불안할 때 공손하게 변화를 요청할 수 있어요.","jungmunganchae","4","jungmunganchae-beams-purlins","assets/illustrations/personal_hanok_v3/construction/jungmunganchae/stage_04_beams_purlins.png","dde340c19fc80e053a3b7edbba0cde3552a4179f2b75766024b9414d7b51d9f6","1980195","assets/data/ildu_construction_art_v1.json","C:\dev\hangulsori\ko_lernen_app","unit_allocated_assessment_unreviewed"
"71","a2","a2_07_travel_repair","이동 중 불편하거나 불안할 때 공손하게 변화를 요청할 수 있어요.","jungmunganchae","5","jungmunganchae-rafters-eaves","assets/illustrations/personal_hanok_v3/construction/jungmunganchae/stage_05_rafters_eaves.png","85933f03f97e5d067f17935471905b19575e3b03f305489cc754f3d1e83b4e54","2146355","assets/data/ildu_construction_art_v1.json","C:\dev\hangulsori\ko_lernen_app","unit_allocated_assessment_unreviewed"
"72","a2","a2_07_travel_repair","이동 중 불편하거나 불안할 때 공손하게 변화를 요청할 수 있어요.","jungmunganchae","6","jungmunganchae-roof-bed","assets/illustrations/personal_hanok_v3/construction/jungmunganchae/stage_06_roof_bed.png","d2d4b1cc9f5904b2080d6599dc84ac34a71b12087cb845a4ae0ba0e56a67757b","2021105","assets/data/ildu_construction_art_v1.json","C:\dev\hangulsori\ko_lernen_app","unit_allocated_assessment_unreviewed"
"73","a2","a2_07_travel_repair","이동 중 불편하거나 불안할 때 공손하게 변화를 요청할 수 있어요.","jungmunganchae","7","jungmunganchae-tiles","assets/illustrations/personal_hanok_v3/construction/jungmunganchae/stage_07_tiles.png","d775405eaa9a5db9bf9107b5f5a1051a4d944cd3e66ad42fcfa892cb04a2c9c2","2160071","assets/data/ildu_construction_art_v1.json","C:\dev\hangulsori\ko_lernen_app","unit_allocated_assessment_unreviewed"
"74","a2","a2_08_home_money","깜빡한 물건이나 집 문제를 설명하고 가능한 도움을 요청할 수 있어요.","jungmunganchae","8","jungmunganchae-room-walls","assets/illustrations/personal_hanok_v3/construction/jungmunganchae/stage_08_room_walls.png","71e103b0679406f678b6cdcbec05c29e518e7943fe5d93cf807048588468c880","2123132","assets/data/ildu_construction_art_v1.json","C:\dev\hangulsori\ko_lernen_app","unit_allocated_assessment_unreviewed"
"75","a2","a2_08_home_money","깜빡한 물건이나 집 문제를 설명하고 가능한 도움을 요청할 수 있어요.","jungmunganchae","9","jungmunganchae-ondol-floors","assets/illustrations/personal_hanok_v3/construction/jungmunganchae/stage_09_ondol_floors.png","ebd1bf08b34106f6beb860d3de42d0efe272561d5c1a991674052ab2acbed823","2166396","assets/data/ildu_construction_art_v1.json","C:\dev\hangulsori\ko_lernen_app","unit_allocated_assessment_unreviewed"
"76","a2","a2_08_home_money","깜빡한 물건이나 집 문제를 설명하고 가능한 도움을 요청할 수 있어요.","jungmunganchae","10","jungmunganchae-open-maru","assets/illustrations/personal_hanok_v3/construction/jungmunganchae/stage_10_open_maru.png","ed9a104446c0545cc5249d130550191a461904913d698a57a40624d9f6ede885","2220577","assets/data/ildu_construction_art_v1.json","C:\dev\hangulsori\ko_lernen_app","unit_allocated_assessment_unreviewed"
"77","a2","a2_08_home_money","깜빡한 물건이나 집 문제를 설명하고 가능한 도움을 요청할 수 있어요.","jungmunganchae","11","jungmunganchae-gate-changho","assets/illustrations/personal_hanok_v3/construction/jungmunganchae/stage_11_gate_changho.png","4a0c912315aa43f6dcf144941ff78821e4a46fe12526b7241752e2cb5bbc35bb","2206807","assets/data/ildu_construction_art_v1.json","C:\dev\hangulsori\ko_lernen_app","unit_allocated_assessment_unreviewed"
"78","a2","a2_08_home_money","깜빡한 물건이나 집 문제를 설명하고 가능한 도움을 요청할 수 있어요.","jungmunganchae","12","jungmunganchae-complete-use","assets/illustrations/personal_hanok_v3/construction/jungmunganchae/stage_12_complete_use.png","f90f20232539127d2d51c71728dec3f87ee64b8e00e91ee0327036650b0151ba","2173264","assets/data/ildu_construction_art_v1.json","C:\dev\hangulsori\ko_lernen_app","unit_allocated_assessment_unreviewed"
"79","b1","b1_01_experience_reasons","경험이 어떻게 달라졌는지 원인과 결과를 연결해 설명할 수 있어요.","araechae","1","araechae-site-rooms","assets/illustrations/personal_hanok_v3/construction/araechae/stage_01_site_rooms.png","c34097b57f510df95c80ad054502ac2265666cb096e2a8887a2012e92a84bd47","1804959","assets/data/ildu_construction_art_v1.json","C:\dev\hangulsori\ko_lernen_app","unit_allocated_assessment_unreviewed"
"80","b1","b1_01_experience_reasons","경험이 어떻게 달라졌는지 원인과 결과를 연결해 설명할 수 있어요.","araechae","2","araechae-stone-foundation","assets/illustrations/personal_hanok_v3/construction/araechae/stage_02_stone_foundation.png","778c8e8330f2c81e21c27cfac98250b0ab5f0a6c7c36ff30cbea49838497c2e4","1819160","assets/data/ildu_construction_art_v1.json","C:\dev\hangulsori\ko_lernen_app","unit_allocated_assessment_unreviewed"
"81","b1","b1_01_experience_reasons","경험이 어떻게 달라졌는지 원인과 결과를 연결해 설명할 수 있어요.","araechae","3","araechae-posts-floor-support","assets/illustrations/personal_hanok_v3/construction/araechae/stage_03_posts_floor_support.png","403906e7bd587220e0d077a49b451a6e73e7f2f6f49ed1e463e48b5f3d1d0790","1695181","assets/data/ildu_construction_art_v1.json","C:\dev\hangulsori\ko_lernen_app","unit_allocated_assessment_unreviewed"
"82","b1","b1_01_experience_reasons","경험이 어떻게 달라졌는지 원인과 결과를 연결해 설명할 수 있어요.","araechae","4","araechae-beams-purlins","assets/illustrations/personal_hanok_v3/construction/araechae/stage_04_beams_purlins.png","cd7e8420a504df60996d639660b76b75bc9db1238636a3c43325b6b07f64e025","1812034","assets/data/ildu_construction_art_v1.json","C:\dev\hangulsori\ko_lernen_app","unit_allocated_assessment_unreviewed"
"83","b1","b1_01_experience_reasons","경험이 어떻게 달라졌는지 원인과 결과를 연결해 설명할 수 있어요.","araechae","5","araechae-rafters-eaves","assets/illustrations/personal_hanok_v3/construction/araechae/stage_05_rafters_eaves.png","49d45cd1ed211532521192e60cdf7907aa9c05a9600724bead7460db8cd0026a","1985748","assets/data/ildu_construction_art_v1.json","C:\dev\hangulsori\ko_lernen_app","unit_allocated_assessment_unreviewed"
"84","b1","b1_01_experience_reasons","경험이 어떻게 달라졌는지 원인과 결과를 연결해 설명할 수 있어요.","araechae","6","araechae-roof-bed","assets/illustrations/personal_hanok_v3/construction/araechae/stage_06_roof_bed.png","bf3dc11e887cfb977b760bc2ab0c93d8e57b423264fadc8cf84af500e7e3004e","2106099","assets/data/ildu_construction_art_v1.json","C:\dev\hangulsori\ko_lernen_app","unit_allocated_assessment_unreviewed"
"85","b1","b1_02_indirect_speech","누구에게 들었는지와 아직 확정되지 않은 부분을 구분해 전달할 수 있어요.","araechae","7","araechae-tiles","assets/illustrations/personal_hanok_v3/construction/araechae/stage_07_tiles.png","751e233446f7a39061380650fe1a1880486cdcea4f8435adab04caeb52909618","2042413","assets/data/ildu_construction_art_v1.json","C:\dev\hangulsori\ko_lernen_app","unit_allocated_assessment_unreviewed"
"86","b1","b1_02_indirect_speech","누구에게 들었는지와 아직 확정되지 않은 부분을 구분해 전달할 수 있어요.","araechae","8","araechae-room-walls","assets/illustrations/personal_hanok_v3/construction/araechae/stage_08_room_walls.png","4dfc83fba8638b6013e1b64e31357663da1a00cc3ad2a282b3c65e38eafa5990","2034641","assets/data/ildu_construction_art_v1.json","C:\dev\hangulsori\ko_lernen_app","unit_allocated_assessment_unreviewed"
"87","b1","b1_02_indirect_speech","누구에게 들었는지와 아직 확정되지 않은 부분을 구분해 전달할 수 있어요.","araechae","9","araechae-ondol","assets/illustrations/personal_hanok_v3/construction/araechae/stage_09_ondol.png","6d2af1937a77e07e952ba4a78cb494b342701c8d642ba88c4932d7d47d34f49f","2069104","assets/data/ildu_construction_art_v1.json","C:\dev\hangulsori\ko_lernen_app","unit_allocated_assessment_unreviewed"
"88","b1","b1_02_indirect_speech","누구에게 들었는지와 아직 확정되지 않은 부분을 구분해 전달할 수 있어요.","araechae","10","araechae-maru","assets/illustrations/personal_hanok_v3/construction/araechae/stage_10_maru.png","7fdec94627095f98575c641d5c3811026770d7587e46ef1ee7d655b7a9dd813c","2132637","assets/data/ildu_construction_art_v1.json","C:\dev\hangulsori\ko_lernen_app","unit_allocated_assessment_unreviewed"
"89","b1","b1_02_indirect_speech","누구에게 들었는지와 아직 확정되지 않은 부분을 구분해 전달할 수 있어요.","araechae","11","araechae-changho","assets/illustrations/personal_hanok_v3/construction/araechae/stage_11_changho.png","ecad08d535f1b8f3998997918b222a65cfc90f7f6917b155e62bbb55babd90b6","2213943","assets/data/ildu_construction_art_v1.json","C:\dev\hangulsori\ko_lernen_app","unit_allocated_assessment_unreviewed"
"90","b1","b1_02_indirect_speech","누구에게 들었는지와 아직 확정되지 않은 부분을 구분해 전달할 수 있어요.","araechae","12","araechae-complete-use","assets/illustrations/personal_hanok_v3/construction/araechae/stage_12_complete_use.png","785150cf4e349261ee6c83227c24714acc58392f2ae0b5a086e6d0ef9741cb44","2163363","assets/data/ildu_construction_art_v1.json","C:\dev\hangulsori\ko_lernen_app","unit_allocated_assessment_unreviewed"
"91","b1","b1_03_work_softening","업무 실수의 경위와 영향을 설명하고 현실적인 수습 순서를 제안할 수 있어요.","anchae","1","anchae-site-household","assets/illustrations/personal_hanok_v3/construction/anchae/stage_01_site_household.png","e5c25d00f115b92684de04989852ae45484da3ed63b4584df807db0ebc3725e2","1867993","assets/data/ildu_construction_art_v1.json","C:\dev\hangulsori\ko_lernen_app","unit_allocated_assessment_unreviewed"
"92","b1","b1_03_work_softening","업무 실수의 경위와 영향을 설명하고 현실적인 수습 순서를 제안할 수 있어요.","anchae","2","anchae-stone-foundation","assets/illustrations/personal_hanok_v3/construction/anchae/stage_02_stone_foundation.png","a1ee9576cbd4980b9ce83de51041de617c57aea8628dd5fe46ae89d95b6172bd","1428339","assets/data/ildu_construction_art_v1.json","C:\dev\hangulsori\ko_lernen_app","unit_allocated_assessment_unreviewed"
"93","b1","b1_03_work_softening","업무 실수의 경위와 영향을 설명하고 현실적인 수습 순서를 제안할 수 있어요.","anchae","3","anchae-posts","assets/illustrations/personal_hanok_v3/construction/anchae/stage_03_posts.png","32237b786b6e02f7cb9072628ca29dc4e2d12f195afee2b2a84dea2f3aa90088","1804657","assets/data/ildu_construction_art_v1.json","C:\dev\hangulsori\ko_lernen_app","unit_allocated_assessment_unreviewed"
"94","b1","b1_03_work_softening","업무 실수의 경위와 영향을 설명하고 현실적인 수습 순서를 제안할 수 있어요.","anchae","4","anchae-beams-purlins","assets/illustrations/personal_hanok_v3/construction/anchae/stage_04_beams_purlins.png","098de6ae3f3e721194f8560d53fdd041cca280f206a0fb76faa515539e6ce8e5","1913330","assets/data/ildu_construction_art_v1.json","C:\dev\hangulsori\ko_lernen_app","unit_allocated_assessment_unreviewed"
"95","b1","b1_03_work_softening","업무 실수의 경위와 영향을 설명하고 현실적인 수습 순서를 제안할 수 있어요.","anchae","5","anchae-hip-frame","assets/illustrations/personal_hanok_v3/construction/anchae/stage_05_hip_frame.png","d11560e23f652233a4d7feadf2206ac6ac327ac3548a9713ec2dcb291ce1934e","1977226","assets/data/ildu_construction_art_v1.json","C:\dev\hangulsori\ko_lernen_app","unit_allocated_assessment_unreviewed"
"96","b1","b1_03_work_softening","업무 실수의 경위와 영향을 설명하고 현실적인 수습 순서를 제안할 수 있어요.","anchae","6","anchae-rafters-eaves","assets/illustrations/personal_hanok_v3/construction/anchae/stage_06_rafters_eaves.png","4439f400dd8f27eecfc24e169a047ba157c01b6ce9a931ed172becfcaa08968b","2097293","assets/data/ildu_construction_art_v1.json","C:\dev\hangulsori\ko_lernen_app","unit_allocated_assessment_unreviewed"
"97","b1","b1_04_relationships","상대에게 부담을 주지 않으면서 관계와 감정에 대한 생각을 확인할 수 있어요.","anchae","7","anchae-roof-bed","assets/illustrations/personal_hanok_v3/construction/anchae/stage_07_roof_bed.png","75a2cd4005530aa766c55eec0f33cfa415a077412c2dc57e1733e9d96283782e","2013026","assets/data/ildu_construction_art_v1.json","C:\dev\hangulsori\ko_lernen_app","unit_allocated_assessment_unreviewed"
"98","b1","b1_04_relationships","상대에게 부담을 주지 않으면서 관계와 감정에 대한 생각을 확인할 수 있어요.","anchae","8","anchae-tiles","assets/illustrations/personal_hanok_v3/construction/anchae/stage_08_tiles.png","b8526856fd74f9fd513d978764a3f58c8c0890bcd1bff556b5ab3e24d08238dc","2184204","assets/data/ildu_construction_art_v1.json","C:\dev\hangulsori\ko_lernen_app","unit_allocated_assessment_unreviewed"
"99","b1","b1_04_relationships","상대에게 부담을 주지 않으면서 관계와 감정에 대한 생각을 확인할 수 있어요.","anchae","9","anchae-walls-kitchen","assets/illustrations/personal_hanok_v3/construction/anchae/stage_09_walls_kitchen.png","21c900f76b552160d92861ded7c37ac796fe410750150b2b9c5bccba57ffd4ce","2125824","assets/data/ildu_construction_art_v1.json","C:\dev\hangulsori\ko_lernen_app","unit_allocated_assessment_unreviewed"
"100","b1","b1_04_relationships","상대에게 부담을 주지 않으면서 관계와 감정에 대한 생각을 확인할 수 있어요.","anchae","10","anchae-kitchen-loft","assets/illustrations/personal_hanok_v3/construction/anchae/stage_10_kitchen_loft.png","425020540d7a04641d3ce0f3c1e3c2fc1458dee2d4d93cdf666267810755761a","2173058","assets/data/ildu_construction_art_v1.json","C:\dev\hangulsori\ko_lernen_app","unit_allocated_assessment_unreviewed"
"101","b1","b1_04_relationships","상대에게 부담을 주지 않으면서 관계와 감정에 대한 생각을 확인할 수 있어요.","anchae","11","anchae-ondol","assets/illustrations/personal_hanok_v3/construction/anchae/stage_11_ondol.png","da430042fe5cc54e16f71e218f2a03c8538d09545771a6d29a7ff4d72e934594","2188514","assets/data/ildu_construction_art_v1.json","C:\dev\hangulsori\ko_lernen_app","unit_allocated_assessment_unreviewed"
"102","b1","b1_04_relationships","상대에게 부담을 주지 않으면서 관계와 감정에 대한 생각을 확인할 수 있어요.","anchae","12","anchae-daecheong-maru","assets/illustrations/personal_hanok_v3/construction/anchae/stage_12_daecheong_maru.png","98555c21b336587053917997e72128462bd5e4d7db9fe858dea51305d78311df","2054271","assets/data/ildu_construction_art_v1.json","C:\dev\hangulsori\ko_lernen_app","unit_allocated_assessment_unreviewed"
"103","b1","b1_05_complaint_resolution","소비·주거 문제의 경위를 설명하고 적절한 해결을 요청할 수 있어요.","anchae","13","anchae-changho","assets/illustrations/personal_hanok_v3/construction/anchae/stage_13_changho.png","fc0ec2f33d6a4cc1a6d7f361c4af799efbf85ae7f05c293248e6b27d83019708","2199459","assets/data/ildu_construction_art_v1.json","C:\dev\hangulsori\ko_lernen_app","unit_allocated_assessment_unreviewed"
"104","b1","b1_05_complaint_resolution","소비·주거 문제의 경위를 설명하고 적절한 해결을 요청할 수 있어요.","anchae","14","anchae-complete-use","assets/illustrations/personal_hanok_v3/construction/anchae/stage_14_complete_use.png","0840b9998db3c50fd81b7d3f250e692d30ed687d5a9e8c0da8c39028054ba263","2082318","assets/data/ildu_construction_art_v1.json","C:\dev\hangulsori\ko_lernen_app","unit_allocated_assessment_unreviewed"
"105","b1","b1_05_complaint_resolution","소비·주거 문제의 경위를 설명하고 적절한 해결을 요청할 수 있어요.","anchae-store","1","anchae-store-site-storage","assets/illustrations/personal_hanok_v3/construction/anchae-store/stage_01_site_storage.png","7ef39516823233129252b26255fdfc9de1de317aae61bb8afa78a48b77954838","1870708","assets/data/ildu_construction_art_v1.json","C:\dev\hangulsori\ko_lernen_app","unit_allocated_assessment_unreviewed"
"106","b1","b1_05_complaint_resolution","소비·주거 문제의 경위를 설명하고 적절한 해결을 요청할 수 있어요.","anchae-store","2","anchae-store-stone-foundation","assets/illustrations/personal_hanok_v3/construction/anchae-store/stage_02_stone_foundation.png","3a60999fee3f8d18a425b63f4d4fc0b56301a36eafa4a5e2f83d331c398b8383","1847140","assets/data/ildu_construction_art_v1.json","C:\dev\hangulsori\ko_lernen_app","unit_allocated_assessment_unreviewed"
"107","b1","b1_05_complaint_resolution","소비·주거 문제의 경위를 설명하고 적절한 해결을 요청할 수 있어요.","anchae-store","3","anchae-store-posts","assets/illustrations/personal_hanok_v3/construction/anchae-store/stage_03_posts.png","f9b46ef7d83cefddc7f99b3fc30f23b3ad1c3e2bb075260cc8333a9be97df3d6","1844615","assets/data/ildu_construction_art_v1.json","C:\dev\hangulsori\ko_lernen_app","unit_allocated_assessment_unreviewed"
"108","b1","b1_05_complaint_resolution","소비·주거 문제의 경위를 설명하고 적절한 해결을 요청할 수 있어요.","anchae-store","4","anchae-store-beams-purlins","assets/illustrations/personal_hanok_v3/construction/anchae-store/stage_04_beams_purlins.png","eae1118b860a8fdb9812b047e4c5a8b3a588c6a5eb723c09a9b9c6a7c7d34133","1928433","assets/data/ildu_construction_art_v1.json","C:\dev\hangulsori\ko_lernen_app","unit_allocated_assessment_unreviewed"
"109","b1","b1_06_life_capstone","익숙한 공동체 규칙에서 실수를 인정하고 이유를 물으며 해결할 수 있어요.","anchae-store","5","anchae-store-rafters-eaves","assets/illustrations/personal_hanok_v3/construction/anchae-store/stage_05_rafters_eaves.png","ee54b1302c4067b210276684761274d3edefafa82a41d3904a476176f46e3f97","2094980","assets/data/ildu_construction_art_v1.json","C:\dev\hangulsori\ko_lernen_app","unit_allocated_assessment_unreviewed"
"110","b1","b1_06_life_capstone","익숙한 공동체 규칙에서 실수를 인정하고 이유를 물으며 해결할 수 있어요.","anchae-store","6","anchae-store-roof-bed","assets/illustrations/personal_hanok_v3/construction/anchae-store/stage_06_roof_bed.png","63b1099b9b7e9690daf6c2ab43a0993828facffdfa22c4d9f3d1438e874ee5d5","2164853","assets/data/ildu_construction_art_v1.json","C:\dev\hangulsori\ko_lernen_app","unit_allocated_assessment_unreviewed"
"111","b1","b1_06_life_capstone","익숙한 공동체 규칙에서 실수를 인정하고 이유를 물으며 해결할 수 있어요.","anchae-store","7","anchae-store-tiles","assets/illustrations/personal_hanok_v3/construction/anchae-store/stage_07_tiles.png","21fff7b91c2825b2a632c356b2e6ad24b5a54538ce1b616d7e9b393224aa3d79","2166570","assets/data/ildu_construction_art_v1.json","C:\dev\hangulsori\ko_lernen_app","unit_allocated_assessment_unreviewed"
"112","b1","b1_06_life_capstone","익숙한 공동체 규칙에서 실수를 인정하고 이유를 물으며 해결할 수 있어요.","anchae-store","8","anchae-store-compacted-floor","assets/illustrations/personal_hanok_v3/construction/anchae-store/stage_08_compacted_floor.png","972ea798c5073ee935e606432cff196b0a52bb1f3cbcb2808a6970d4fd3825ae","2171012","assets/data/ildu_construction_art_v1.json","C:\dev\hangulsori\ko_lernen_app","unit_allocated_assessment_unreviewed"
"113","b1","b1_06_life_capstone","익숙한 공동체 규칙에서 실수를 인정하고 이유를 물으며 해결할 수 있어요.","anchae-store","9","anchae-store-walls-partition","assets/illustrations/personal_hanok_v3/construction/anchae-store/stage_09_walls_partition.png","bb8023445b6b319ace57fac9b4708fffd05b0d1b4f32adf4a8c34cdfae5354be","2099027","assets/data/ildu_construction_art_v1.json","C:\dev\hangulsori\ko_lernen_app","unit_allocated_assessment_unreviewed"
"114","b1","b1_06_life_capstone","익숙한 공동체 규칙에서 실수를 인정하고 이유를 물으며 해결할 수 있어요.","anchae-store","10","anchae-store-doors-vents","assets/illustrations/personal_hanok_v3/construction/anchae-store/stage_10_doors_vents.png","10572eeacf28decf6d2c4220404c4d483f747b3168489c96f27e977d01601e3f","2234023","assets/data/ildu_construction_art_v1.json","C:\dev\hangulsori\ko_lernen_app","unit_allocated_assessment_unreviewed"
"115","b1","b1_06_life_capstone","익숙한 공동체 규칙에서 실수를 인정하고 이유를 물으며 해결할 수 있어요.","anchae-store","11","anchae-store-complete-use","assets/illustrations/personal_hanok_v3/construction/anchae-store/stage_11_complete_use.png","0f1ff39dcbe49f78a0f51765700d585355c0f2cf0f80044db4d131dfdc786d66","2042810","assets/data/ildu_construction_art_v1.json","C:\dev\hangulsori\ko_lernen_app","unit_allocated_assessment_unreviewed"
"116","b2","b2_01_formal_opening","공식 대화 초반에 무엇을 논의하고 결정할지 자연스럽게 확인할 수 있어요.","ansarangchae","1","ansarangchae-site","assets/illustrations/personal_hanok_v3/construction/ansarangchae/stage_01_site.webp","275f9e1adcfb116d7f7c1b278f77c7bdfb38b8049e94176f4cbd8e4b2f4434f1","1030672","assets/data/ildu_construction_art_v1.json","C:\dev\hangulsori\ko_lernen_app","unit_allocated_assessment_unreviewed"
"117","b2","b2_01_formal_opening","공식 대화 초반에 무엇을 논의하고 결정할지 자연스럽게 확인할 수 있어요.","ansarangchae","2","ansarangchae-foundation","assets/illustrations/personal_hanok_v3/construction/ansarangchae/stage_02_foundation.webp","660317cb7db43ce5a599b2ac5bd5c3eb07e025aef811441847fd375afad5df16","982918","assets/data/ildu_construction_art_v1.json","C:\dev\hangulsori\ko_lernen_app","unit_allocated_assessment_unreviewed"
"118","b2","b2_01_formal_opening","공식 대화 초반에 무엇을 논의하고 결정할지 자연스럽게 확인할 수 있어요.","ansarangchae","3","ansarangchae-padstones","assets/illustrations/personal_hanok_v3/construction/ansarangchae/stage_03_padstones.webp","ef6d187bfbe5d3bf483cfdedee82ef8c7cb5486a0f521034282a8434cff1e6fe","958236","assets/data/ildu_construction_art_v1.json","C:\dev\hangulsori\ko_lernen_app","unit_allocated_assessment_unreviewed"
"119","b2","b2_01_formal_opening","공식 대화 초반에 무엇을 논의하고 결정할지 자연스럽게 확인할 수 있어요.","ansarangchae","4","ansarangchae-posts","assets/illustrations/personal_hanok_v3/construction/ansarangchae/stage_04_posts.webp","d1b393f34037b6d51de0d58806bdd20829e52afe29c189491f9a6eddd859e2c7","1020124","assets/data/ildu_construction_art_v1.json","C:\dev\hangulsori\ko_lernen_app","unit_allocated_assessment_unreviewed"
"120","b2","b2_01_formal_opening","공식 대화 초반에 무엇을 논의하고 결정할지 자연스럽게 확인할 수 있어요.","ansarangchae","5","ansarangchae-beams","assets/illustrations/personal_hanok_v3/construction/ansarangchae/stage_05_beams.webp","e23a7a3f3a73380a9a9b31ce5bd6c2f25231f503de8149a43feb9d8b71d1da3f","1344142","assets/data/ildu_construction_art_v1.json","C:\dev\hangulsori\ko_lernen_app","unit_allocated_assessment_unreviewed"
"121","b2","b2_02_professional_opinion","상대 근거를 인정하면서 다른 기준을 제시하고 절충할 수 있어요.","ansarangchae","6","ansarangchae-rafters","assets/illustrations/personal_hanok_v3/construction/ansarangchae/stage_06_rafters.webp","64b0fd2a6ec8716324f2ad80deb57d6761f64f8845c66af70bf8977ffe1cd8de","1530060","assets/data/ildu_construction_art_v1.json","C:\dev\hangulsori\ko_lernen_app","unit_allocated_assessment_unreviewed"
"122","b2","b2_02_professional_opinion","상대 근거를 인정하면서 다른 기준을 제시하고 절충할 수 있어요.","ansarangchae","7","ansarangchae-roof_bed","assets/illustrations/personal_hanok_v3/construction/ansarangchae/stage_07_roof_bed.webp","57d8d9dab6ca861996e50b30148e1917715515c18a1e7cfc3150b733464e40e5","1477212","assets/data/ildu_construction_art_v1.json","C:\dev\hangulsori\ko_lernen_app","unit_allocated_assessment_unreviewed"
"123","b2","b2_02_professional_opinion","상대 근거를 인정하면서 다른 기준을 제시하고 절충할 수 있어요.","ansarangchae","8","ansarangchae-tiles","assets/illustrations/personal_hanok_v3/construction/ansarangchae/stage_08_tiles.webp","64904a13e7d5db515dea3a3bb31722a434c4bedf3488da0ea471cf48cb486ed3","1464056","assets/data/ildu_construction_art_v1.json","C:\dev\hangulsori\ko_lernen_app","unit_allocated_assessment_unreviewed"
"124","b2","b2_02_professional_opinion","상대 근거를 인정하면서 다른 기준을 제시하고 절충할 수 있어요.","ansarangchae","9","ansarangchae-walls","assets/illustrations/personal_hanok_v3/construction/ansarangchae/stage_09_walls.webp","5ce6b597cc909b53ee71e68cef4f4fbd21b63f49932c04d58fb97f65938d6947","1453830","assets/data/ildu_construction_art_v1.json","C:\dev\hangulsori\ko_lernen_app","unit_allocated_assessment_unreviewed"
"125","b2","b2_02_professional_opinion","상대 근거를 인정하면서 다른 기준을 제시하고 절충할 수 있어요.","ansarangchae","10","ansarangchae-ondol","assets/illustrations/personal_hanok_v3/construction/ansarangchae/stage_10_ondol.webp","e9140ecff0741c13ae76624d8ecf12b11a0c2eacc2dde18f50b1a2c9cbe8ad10","1431590","assets/data/ildu_construction_art_v1.json","C:\dev\hangulsori\ko_lernen_app","unit_allocated_assessment_unreviewed"
"126","b2","b2_02_professional_opinion","상대 근거를 인정하면서 다른 기준을 제시하고 절충할 수 있어요.","ansarangchae","11","ansarangchae-maru_interior","assets/illustrations/personal_hanok_v3/construction/ansarangchae/stage_11_maru_interior.webp","b2a6085665b56435388cba128b58bd3127cb671fff9362bdb4ff0d9cb8a8d30f","1468742","assets/data/ildu_construction_art_v1.json","C:\dev\hangulsori\ko_lernen_app","unit_allocated_assessment_unreviewed"
"127","b2","b2_03_precise_requests","요청의 범위·일정·조건을 구체화해 실행 가능한 합의를 만들 수 있어요.","ansarangchae","12","ansarangchae-maru_porch","assets/illustrations/personal_hanok_v3/construction/ansarangchae/stage_12_maru_porch.webp","ffe3728de102cbaffe6a35948ed567fdfebacc52af94da69d6c4b49730bf953f","1451584","assets/data/ildu_construction_art_v1.json","C:\dev\hangulsori\ko_lernen_app","unit_allocated_assessment_unreviewed"
"128","b2","b2_03_precise_requests","요청의 범위·일정·조건을 구체화해 실행 가능한 합의를 만들 수 있어요.","ansarangchae","13","ansarangchae-doors","assets/illustrations/personal_hanok_v3/construction/ansarangchae/stage_13_doors.webp","6c0ffc40e655a9691552ecee803effc970222f19084cb3f2d5003b1b47097b5a","1512596","assets/data/ildu_construction_art_v1.json","C:\dev\hangulsori\ko_lernen_app","unit_allocated_assessment_unreviewed"
"129","b2","b2_03_precise_requests","요청의 범위·일정·조건을 구체화해 실행 가능한 합의를 만들 수 있어요.","ansarangchae","14","ansarangchae-complete","assets/illustrations/personal_hanok_v3/construction/ansarangchae/stage_14_complete.webp","c529c22825d9db4734241e122ad272b01e5a2d14b1f913d020b23085db7cfb95","1553862","assets/data/ildu_construction_art_v1.json","C:\dev\hangulsori\ko_lernen_app","unit_allocated_assessment_unreviewed"
"130","b2","b2_03_precise_requests","요청의 범위·일정·조건을 구체화해 실행 가능한 합의를 만들 수 있어요.","sadangmun","1","sadangmun-foundation","assets/illustrations/personal_hanok_v3/construction/sadangmun/stage_01_foundation.webp","41334087690b3e86d7ac209b147c44ca7ec2ccee9a1ab810c81b48cd319fece4","816174","assets/data/ildu_construction_art_v1.json","C:\dev\hangulsori\ko_lernen_app","unit_allocated_assessment_unreviewed"
"131","b2","b2_03_precise_requests","요청의 범위·일정·조건을 구체화해 실행 가능한 합의를 만들 수 있어요.","sadangmun","2","sadangmun-posts","assets/illustrations/personal_hanok_v3/construction/sadangmun/stage_02_posts.webp","9b67da2af1c8b5c600cc87bb166582d99b75177d73ba94bbf1f0a126077e1d0a","899996","assets/data/ildu_construction_art_v1.json","C:\dev\hangulsori\ko_lernen_app","unit_allocated_assessment_unreviewed"
"132","b2","b2_03_precise_requests","요청의 범위·일정·조건을 구체화해 실행 가능한 합의를 만들 수 있어요.","sadangmun","3","sadangmun-beams","assets/illustrations/personal_hanok_v3/construction/sadangmun/stage_03_beams.webp","f52ae46930b9727b4ebd6ac9ad91bf9bf2bfeff2e32447cafed07ed5cd7695b5","1028140","assets/data/ildu_construction_art_v1.json","C:\dev\hangulsori\ko_lernen_app","unit_allocated_assessment_unreviewed"
"133","b2","b2_04_complaint_resolution","주거·소비·교통 문제에서 근거를 비교하고 책임과 해결 범위를 협의할 수 있어요.","sadangmun","4","sadangmun-rafters","assets/illustrations/personal_hanok_v3/construction/sadangmun/stage_04_rafters.webp","581d7f4744fcb505de4207fd6e0eb1f2357f9e4d43fe9e1f028cfa5b93c20424","1238526","assets/data/ildu_construction_art_v1.json","C:\dev\hangulsori\ko_lernen_app","unit_allocated_assessment_unreviewed"
"134","b2","b2_04_complaint_resolution","주거·소비·교통 문제에서 근거를 비교하고 책임과 해결 범위를 협의할 수 있어요.","sadangmun","5","sadangmun-roof_bed","assets/illustrations/personal_hanok_v3/construction/sadangmun/stage_05_roof_bed.webp","61160f6763656029659b31511a9f7a932b3df20e5fde1acfdbdf293913a82299","1325402","assets/data/ildu_construction_art_v1.json","C:\dev\hangulsori\ko_lernen_app","unit_allocated_assessment_unreviewed"
"135","b2","b2_04_complaint_resolution","주거·소비·교통 문제에서 근거를 비교하고 책임과 해결 범위를 협의할 수 있어요.","sadangmun","6","sadangmun-tiles","assets/illustrations/personal_hanok_v3/construction/sadangmun/stage_06_tiles.webp","7980d076a6f083a8d6b857ecaf090b07ca5d50819be3066fef38820e859c5f6f","1241588","assets/data/ildu_construction_art_v1.json","C:\dev\hangulsori\ko_lernen_app","unit_allocated_assessment_unreviewed"
"136","b2","b2_04_complaint_resolution","주거·소비·교통 문제에서 근거를 비교하고 책임과 해결 범위를 협의할 수 있어요.","sadangmun","7","sadangmun-doors","assets/illustrations/personal_hanok_v3/construction/sadangmun/stage_07_doors.webp","1732811fea530c6d033b165333f5122fd5a3b49dd4fe692e794bdfff8dcffeee","1300270","assets/data/ildu_construction_art_v1.json","C:\dev\hangulsori\ko_lernen_app","unit_allocated_assessment_unreviewed"
"137","b2","b2_04_complaint_resolution","주거·소비·교통 문제에서 근거를 비교하고 책임과 해결 범위를 협의할 수 있어요.","sadangmun","8","sadangmun-complete","assets/illustrations/personal_hanok_v3/construction/sadangmun/stage_08_complete.webp","7e6b230f7dfe52cf0c421cd1e1d7be459b5b444e6840dc4873e9df593dbe6e0d","1348602","assets/data/ildu_construction_art_v1.json","C:\dev\hangulsori\ko_lernen_app","unit_allocated_assessment_unreviewed"
"138","b2","b2_05_interview","면접에서 경험을 과장하지 않고 업무와 연결해 구체적으로 설명할 수 있어요.","sadang","1","sadang-site","assets/illustrations/personal_hanok_v3/construction/sadang/stage_01_site.webp","9070886da13bc219b6eae7d6ecacb2e0e623645559c974fc3ead1623522f6a0e","973320","assets/data/ildu_construction_art_v1.json","C:\dev\hangulsori\ko_lernen_app","unit_allocated_assessment_unreviewed"
"139","b2","b2_05_interview","면접에서 경험을 과장하지 않고 업무와 연결해 구체적으로 설명할 수 있어요.","sadang","2","sadang-foundation","assets/illustrations/personal_hanok_v3/construction/sadang/stage_02_foundation.webp","b8d34813e18e63128206d376d93b8cdd5c2bf2c5c1af429d135be90363095d84","917910","assets/data/ildu_construction_art_v1.json","C:\dev\hangulsori\ko_lernen_app","unit_allocated_assessment_unreviewed"
"140","b2","b2_05_interview","면접에서 경험을 과장하지 않고 업무와 연결해 구체적으로 설명할 수 있어요.","sadang","3","sadang-padstones","assets/illustrations/personal_hanok_v3/construction/sadang/stage_03_padstones.webp","723331284d260034ba155862e6efd177b0fdba32d28ee850063c363d7614301d","936696","assets/data/ildu_construction_art_v1.json","C:\dev\hangulsori\ko_lernen_app","unit_allocated_assessment_unreviewed"
"141","b2","b2_05_interview","면접에서 경험을 과장하지 않고 업무와 연결해 구체적으로 설명할 수 있어요.","sadang","4","sadang-posts","assets/illustrations/personal_hanok_v3/construction/sadang/stage_04_posts.webp","aa7384d8b0d67659d7bab56592706164124f0b5e34979033d7a8a72d40cd9cab","1058962","assets/data/ildu_construction_art_v1.json","C:\dev\hangulsori\ko_lernen_app","unit_allocated_assessment_unreviewed"
"142","b2","b2_05_interview","면접에서 경험을 과장하지 않고 업무와 연결해 구체적으로 설명할 수 있어요.","sadang","5","sadang-brackets","assets/illustrations/personal_hanok_v3/construction/sadang/stage_05_brackets.webp","a8be7c2f0fad97ed4e23b586e1beafb9aef3b390e09abc8771f2c0f2376ed2ae","1290158","assets/data/ildu_construction_art_v1.json","C:\dev\hangulsori\ko_lernen_app","unit_allocated_assessment_unreviewed"
"143","b2","b2_05_interview","면접에서 경험을 과장하지 않고 업무와 연결해 구체적으로 설명할 수 있어요.","sadang","6","sadang-rafters","assets/illustrations/personal_hanok_v3/construction/sadang/stage_06_rafters.webp","6dc9f6e080af42ff699e751bf978556274df1b7d611d7d1aa32fe69f8b006a2e","1481842","assets/data/ildu_construction_art_v1.json","C:\dev\hangulsori\ko_lernen_app","unit_allocated_assessment_unreviewed"
"144","b2","b2_06_advanced_capstone","서로 다른 이해관계와 현실 제약을 비교해 시험 가능한 절충안을 만들 수 있어요.","sadang","7","sadang-roof_bed","assets/illustrations/personal_hanok_v3/construction/sadang/stage_07_roof_bed.webp","065e167a2560226cf9f4b3c027b0d3a242717818f248b2138bdc6c661ff3506c","1500094","assets/data/ildu_construction_art_v1.json","C:\dev\hangulsori\ko_lernen_app","unit_allocated_assessment_unreviewed"
"145","b2","b2_06_advanced_capstone","서로 다른 이해관계와 현실 제약을 비교해 시험 가능한 절충안을 만들 수 있어요.","sadang","8","sadang-tiles","assets/illustrations/personal_hanok_v3/construction/sadang/stage_08_tiles.webp","486076cfaf36fb23d7c89b5bee404f2b200b758378e80cffa399f2d2eb11770d","1475644","assets/data/ildu_construction_art_v1.json","C:\dev\hangulsori\ko_lernen_app","unit_allocated_assessment_unreviewed"
"146","b2","b2_06_advanced_capstone","서로 다른 이해관계와 현실 제약을 비교해 시험 가능한 절충안을 만들 수 있어요.","sadang","9","sadang-maru_interior","assets/illustrations/personal_hanok_v3/construction/sadang/stage_09_maru_interior.webp","0d495e15c20813f08400f8880d2464f6af44de221167487f1a11de2695e38a51","1438012","assets/data/ildu_construction_art_v1.json","C:\dev\hangulsori\ko_lernen_app","unit_allocated_assessment_unreviewed"
"147","b2","b2_06_advanced_capstone","서로 다른 이해관계와 현실 제약을 비교해 시험 가능한 절충안을 만들 수 있어요.","sadang","10","sadang-walls","assets/illustrations/personal_hanok_v3/construction/sadang/stage_10_walls.webp","5c5286ab726e4d891063a0a24ba6690a6c1f6bd0b2f7a6db4ddc08c37638bf1b","1499718","assets/data/ildu_construction_art_v1.json","C:\dev\hangulsori\ko_lernen_app","unit_allocated_assessment_unreviewed"
"148","b2","b2_06_advanced_capstone","서로 다른 이해관계와 현실 제약을 비교해 시험 가능한 절충안을 만들 수 있어요.","sadang","11","sadang-finish","assets/illustrations/personal_hanok_v3/construction/sadang/stage_11_finish.webp","ed0e406ad24176009d9ee951fbfbfd1cf308059dca303f158d4c556371a72a05","1632662","assets/data/ildu_construction_art_v1.json","C:\dev\hangulsori\ko_lernen_app","unit_allocated_assessment_unreviewed"
"149","b2","b2_06_advanced_capstone","서로 다른 이해관계와 현실 제약을 비교해 시험 가능한 절충안을 만들 수 있어요.","sadang","12","sadang-complete","assets/illustrations/personal_hanok_v3/construction/sadang/stage_12_complete.webp","5f1317fbfc6016a8548373ecb7ee986d70db3042a3c232148366fc4515ffa811","1709474","assets/data/ildu_construction_art_v1.json","C:\dev\hangulsori\ko_lernen_app","unit_allocated_assessment_unreviewed"
